native_path	kind	status	ported_candidates	evidence_or_next_action
Antenna/TrackerGeneric.cs	csharp	replace	Services/AntennaTrackerOutputs.cs;ViewModels/AntennaTrackerUIViewModel.cs	All three official antenna-tracker output protocols are implemented by the cross-platform tracker service and covered by protocol/lifecycle tests.
Antenna/TrackerUI.Designer.cs	csharp	replace	Views/AntennaTrackerUIView.axaml;ViewModels/AntennaTrackerUIViewModel.cs;Services/AntennaTrackerOutputs.cs	The native Avalonia tracker view ports live target tracking and all official output interfaces; see Porting/Reference/PORT_STATUS.md.
Antenna/TrackerUI.ar.resx	resx	retain		Preserve neutral/culture resource until AXAML localization mapping is verified.
Antenna/TrackerUI.az-Latn-AZ.resx	resx	retain		Preserve neutral/culture resource until AXAML localization mapping is verified.
Antenna/TrackerUI.cs	csharp	replace	Views/AntennaTrackerUIView.axaml;ViewModels/AntennaTrackerUIViewModel.cs;Services/AntennaTrackerOutputs.cs	The native Avalonia tracker view ports live target tracking and all official output interfaces; see Porting/Reference/PORT_STATUS.md.
Antenna/TrackerUI.de-DE.resx	resx	retain		Preserve neutral/culture resource until AXAML localization mapping is verified.
Antenna/TrackerUI.fr.resx	resx	retain		Preserve neutral/culture resource until AXAML localization mapping is verified.
Antenna/TrackerUI.id-ID.resx	resx	retain		Preserve neutral/culture resource until AXAML localization mapping is verified.
Antenna/TrackerUI.it-IT.resx	resx	retain		Preserve neutral/culture resource until AXAML localization mapping is verified.
Antenna/TrackerUI.ko-KR.resx	resx	retain		Preserve neutral/culture resource until AXAML localization mapping is verified.
Antenna/TrackerUI.pt.resx	resx	retain		Preserve neutral/culture resource until AXAML localization mapping is verified.
Antenna/TrackerUI.resx	resx	retain		Preserve neutral/culture resource until AXAML localization mapping is verified.
Antenna/TrackerUI.ru-KZ.resx	resx	retain		Preserve neutral/culture resource until AXAML localization mapping is verified.
Antenna/TrackerUI.tr.resx	resx	retain		Preserve neutral/culture resource until AXAML localization mapping is verified.
Antenna/TrackerUI.uk.resx	resx	retain		Preserve neutral/culture resource until AXAML localization mapping is verified.
Antenna/TrackerUI.zh-Hans.resx	resx	retain		Preserve neutral/culture resource until AXAML localization mapping is verified.
Antenna/TrackerUI.zh-Hant.resx	resx	retain		Preserve neutral/culture resource until AXAML localization mapping is verified.
Antenna/TrackerUI.zh-TW.resx	resx	retain		Preserve neutral/culture resource until AXAML localization mapping is verified.
Common.cs	csharp	replace	Controls/MapView.cs;Controls/MavMarker.cs;Services/Dialogs.cs;Services/ProgressDialogs.cs	Mapped to the listed native Avalonia artifacts; feature-level parity and deliberate safety differences are recorded in Porting/Reference/PORT_STATUS.md.
Controls/AuthKeys.Designer.cs	csharp	replace	ViewModels/GCSViews/ConfigurationView/ConfigAdvancedViewModel.cs	Mapped to the listed native Avalonia artifacts; feature-level parity and deliberate safety differences are recorded in Porting/Reference/PORT_STATUS.md.
Controls/AuthKeys.cs	csharp	replace	ViewModels/GCSViews/ConfigurationView/ConfigAdvancedViewModel.cs	Mapped to the listed native Avalonia artifacts; feature-level parity and deliberate safety differences are recorded in Porting/Reference/PORT_STATUS.md.
Controls/AuthKeys.ko-KR.resx	resx	retain		Preserve neutral/culture resource until AXAML localization mapping is verified.
Controls/AuthKeys.resx	resx	retain		Preserve neutral/culture resource until AXAML localization mapping is verified.
Controls/AuthKeys.uk.resx	resx	retain		Preserve neutral/culture resource until AXAML localization mapping is verified.
Controls/AuxOptions.Designer.cs	csharp	replace	GCSViews/FlightDataView.axaml;ViewModels/FlightDataViewModel.cs	Mapped to the listed native Avalonia artifacts; feature-level parity and deliberate safety differences are recorded in Porting/Reference/PORT_STATUS.md.
Controls/AuxOptions.cs	csharp	replace	GCSViews/FlightDataView.axaml;ViewModels/FlightDataViewModel.cs	Mapped to the listed native Avalonia artifacts; feature-level parity and deliberate safety differences are recorded in Porting/Reference/PORT_STATUS.md.
Controls/AuxOptions.resx	resx	retain		Preserve neutral/culture resource until AXAML localization mapping is verified.
Controls/ConnectionControl.Designer.cs	csharp	replace	Views/MainWindow.axaml;ViewModels/ConnectionViewModel.cs	Mapped to the listed native Avalonia artifacts; feature-level parity and deliberate safety differences are recorded in Porting/Reference/PORT_STATUS.md.
Controls/ConnectionControl.ar.resx	resx	retain		Preserve neutral/culture resource until AXAML localization mapping is verified.
Controls/ConnectionControl.az-Latn-AZ.resx	resx	retain		Preserve neutral/culture resource until AXAML localization mapping is verified.
Controls/ConnectionControl.cs	csharp	replace	Views/MainWindow.axaml;ViewModels/ConnectionViewModel.cs	Mapped to the listed native Avalonia artifacts; feature-level parity and deliberate safety differences are recorded in Porting/Reference/PORT_STATUS.md.
Controls/ConnectionControl.id-ID.resx	resx	retain		Preserve neutral/culture resource until AXAML localization mapping is verified.
Controls/ConnectionControl.ja-JP.resx	resx	retain		Preserve neutral/culture resource until AXAML localization mapping is verified.
Controls/ConnectionControl.ko-KR.resx	resx	retain		Preserve neutral/culture resource until AXAML localization mapping is verified.
Controls/ConnectionControl.pt.resx	resx	retain		Preserve neutral/culture resource until AXAML localization mapping is verified.
Controls/ConnectionControl.resx	resx	retain		Preserve neutral/culture resource until AXAML localization mapping is verified.
Controls/ConnectionControl.ru-KZ.resx	resx	retain		Preserve neutral/culture resource until AXAML localization mapping is verified.
Controls/ConnectionControl.tr.resx	resx	retain		Preserve neutral/culture resource until AXAML localization mapping is verified.
Controls/ConnectionControl.uk.resx	resx	retain		Preserve neutral/culture resource until AXAML localization mapping is verified.
Controls/ConnectionControl.zh-Hans.resx	resx	retain		Preserve neutral/culture resource until AXAML localization mapping is verified.
Controls/ConnectionOptions.Designer.cs	csharp	replace	Views/ConnectionOptionsWindow.axaml;ViewModels/ConnectionOptionsViewModel.cs	Mapped to the listed native Avalonia artifacts; feature-level parity and deliberate safety differences are recorded in Porting/Reference/PORT_STATUS.md.
Controls/ConnectionOptions.ar.resx	resx	retain		Preserve neutral/culture resource until AXAML localization mapping is verified.
Controls/ConnectionOptions.az-Latn-AZ.resx	resx	retain		Preserve neutral/culture resource until AXAML localization mapping is verified.
Controls/ConnectionOptions.cs	csharp	replace	Views/ConnectionOptionsWindow.axaml;ViewModels/ConnectionOptionsViewModel.cs	Mapped to the listed native Avalonia artifacts; feature-level parity and deliberate safety differences are recorded in Porting/Reference/PORT_STATUS.md.
Controls/ConnectionOptions.id-ID.resx	resx	retain		Preserve neutral/culture resource until AXAML localization mapping is verified.
Controls/ConnectionOptions.ko-KR.resx	resx	retain		Preserve neutral/culture resource until AXAML localization mapping is verified.
Controls/ConnectionOptions.pt.resx	resx	retain		Preserve neutral/culture resource until AXAML localization mapping is verified.
Controls/ConnectionOptions.resx	resx	retain		Preserve neutral/culture resource until AXAML localization mapping is verified.
Controls/ConnectionOptions.ru-KZ.resx	resx	retain		Preserve neutral/culture resource until AXAML localization mapping is verified.
Controls/ConnectionOptions.tr.resx	resx	retain		Preserve neutral/culture resource until AXAML localization mapping is verified.
Controls/ConnectionOptions.uk.resx	resx	retain		Preserve neutral/culture resource until AXAML localization mapping is verified.
Controls/ConnectionOptions.zh-Hans.resx	resx	retain		Preserve neutral/culture resource until AXAML localization mapping is verified.
Controls/ConnectionStats.Designer.cs	csharp	replace	Views/LinkStatsWindow.axaml;ViewModels/LinkStatsViewModel.cs	Mapped to the listed native Avalonia artifacts; feature-level parity and deliberate safety differences are recorded in Porting/Reference/PORT_STATUS.md.
Controls/ConnectionStats.ar.resx	resx	retain		Preserve neutral/culture resource until AXAML localization mapping is verified.
Controls/ConnectionStats.az-Latn-AZ.resx	resx	retain		Preserve neutral/culture resource until AXAML localization mapping is verified.
Controls/ConnectionStats.cs	csharp	replace	Views/LinkStatsWindow.axaml;ViewModels/LinkStatsViewModel.cs	Mapped to the listed native Avalonia artifacts; feature-level parity and deliberate safety differences are recorded in Porting/Reference/PORT_STATUS.md.
Controls/ConnectionStats.id-ID.resx	resx	retain		Preserve neutral/culture resource until AXAML localization mapping is verified.
Controls/ConnectionStats.ja-JP.resx	resx	retain		Preserve neutral/culture resource until AXAML localization mapping is verified.
Controls/ConnectionStats.ko-KR.resx	resx	retain		Preserve neutral/culture resource until AXAML localization mapping is verified.
Controls/ConnectionStats.pt.resx	resx	retain		Preserve neutral/culture resource until AXAML localization mapping is verified.
Controls/ConnectionStats.resx	resx	retain		Preserve neutral/culture resource until AXAML localization mapping is verified.
Controls/ConnectionStats.ru-KZ.resx	resx	retain		Preserve neutral/culture resource until AXAML localization mapping is verified.
Controls/ConnectionStats.tr.resx	resx	retain		Preserve neutral/culture resource until AXAML localization mapping is verified.
Controls/ConnectionStats.uk.resx	resx	retain		Preserve neutral/culture resource until AXAML localization mapping is verified.
Controls/ConnectionStats.zh-Hans.resx	resx	retain		Preserve neutral/culture resource until AXAML localization mapping is verified.
Controls/ControlSensorsStatus.Designer.cs	csharp	replace	Controls/HudControl.cs;Views/FlightDataDialogs.cs;ViewModels/FlightDataViewModel.cs	Mapped to the listed native Avalonia artifacts; feature-level parity and deliberate safety differences are recorded in Porting/Reference/PORT_STATUS.md.
Controls/ControlSensorsStatus.cs	csharp	replace	Controls/HudControl.cs;Views/FlightDataDialogs.cs;ViewModels/FlightDataViewModel.cs	Mapped to the listed native Avalonia artifacts; feature-level parity and deliberate safety differences are recorded in Porting/Reference/PORT_STATUS.md.
Controls/ControlSensorsStatus.resx	resx	retain		Preserve neutral/culture resource until AXAML localization mapping is verified.
Controls/DefaultSettings.Designer.cs	csharp	replace	GCSViews/ConfigurationView/ConfigDefaultSettingsView.axaml;ViewModels/GCSViews/ConfigurationView/ConfigDefaultSettingsViewModel.cs	Mapped to the listed native Avalonia artifacts; feature-level parity and deliberate safety differences are recorded in Porting/Reference/PORT_STATUS.md.
Controls/DefaultSettings.ar.resx	resx	retain		Preserve neutral/culture resource until AXAML localization mapping is verified.
Controls/DefaultSettings.az-Latn-AZ.resx	resx	retain		Preserve neutral/culture resource until AXAML localization mapping is verified.
Controls/DefaultSettings.cs	csharp	replace	GCSViews/ConfigurationView/ConfigDefaultSettingsView.axaml;ViewModels/GCSViews/ConfigurationView/ConfigDefaultSettingsViewModel.cs	Mapped to the listed native Avalonia artifacts; feature-level parity and deliberate safety differences are recorded in Porting/Reference/PORT_STATUS.md.
Controls/DefaultSettings.id-ID.resx	resx	retain		Preserve neutral/culture resource until AXAML localization mapping is verified.
Controls/DefaultSettings.ja-JP.resx	resx	retain		Preserve neutral/culture resource until AXAML localization mapping is verified.
Controls/DefaultSettings.ko-KR.resx	resx	retain		Preserve neutral/culture resource until AXAML localization mapping is verified.
Controls/DefaultSettings.pt.resx	resx	retain		Preserve neutral/culture resource until AXAML localization mapping is verified.
Controls/DefaultSettings.resx	resx	retain		Preserve neutral/culture resource until AXAML localization mapping is verified.
Controls/DefaultSettings.ru-KZ.resx	resx	retain		Preserve neutral/culture resource until AXAML localization mapping is verified.
Controls/DefaultSettings.tr.resx	resx	retain		Preserve neutral/culture resource until AXAML localization mapping is verified.
Controls/DefaultSettings.uk.resx	resx	retain		Preserve neutral/culture resource until AXAML localization mapping is verified.
Controls/DefaultSettings.zh-Hans.resx	resx	retain		Preserve neutral/culture resource until AXAML localization mapping is verified.
Controls/DevopsUI.Designer.cs	csharp	replace	Views/DeviceOperationsView.axaml;ViewModels/DeviceOperationsViewModel.cs	Mapped to the listed native Avalonia artifacts; feature-level parity and deliberate safety differences are recorded in Porting/Reference/PORT_STATUS.md.
Controls/DevopsUI.cs	csharp	replace	Views/DeviceOperationsView.axaml;ViewModels/DeviceOperationsViewModel.cs	Mapped to the listed native Avalonia artifacts; feature-level parity and deliberate safety differences are recorded in Porting/Reference/PORT_STATUS.md.
Controls/DevopsUI.resx	resx	retain		Preserve neutral/culture resource until AXAML localization mapping is verified.
Controls/DigitalSkyUI.Designer.cs	csharp	remove	Porting/Reference/PORT_STATUS.md	DigitalSky is a retired third-party service integration and is intentionally not shipped without a current API/authentication/privacy review.
Controls/DigitalSkyUI.cs	csharp	remove	Porting/Reference/PORT_STATUS.md	DigitalSky is a retired third-party service integration and is intentionally not shipped without a current API/authentication/privacy review.
Controls/DigitalSkyUI.resx	resx	retain		Preserve neutral/culture resource until AXAML localization mapping is verified.
Controls/DistanceBar.Designer.cs	csharp	replace	GCSViews/FlightDataView.axaml;ViewModels/FlightDataViewModel.cs	Mapped to the listed native Avalonia artifacts; feature-level parity and deliberate safety differences are recorded in Porting/Reference/PORT_STATUS.md.
Controls/DistanceBar.cs	csharp	replace	GCSViews/FlightDataView.axaml;ViewModels/FlightDataViewModel.cs	Mapped to the listed native Avalonia artifacts; feature-level parity and deliberate safety differences are recorded in Porting/Reference/PORT_STATUS.md.
Controls/DistanceBar.resx	resx	retain		Preserve neutral/culture resource until AXAML localization mapping is verified.
Controls/DroneCANFileUI.Designer.cs	csharp	remove	Porting/Reference/PORT_STATUS.md	The pinned native DroneCAN file browser is unreachable and half-stubbed; node parameters and firmware upload remain available in the native Avalonia DroneCAN page.
Controls/DroneCANFileUI.cs	csharp	remove	Porting/Reference/PORT_STATUS.md	The pinned native DroneCAN file browser is unreachable and half-stubbed; node parameters and firmware upload remain available in the native Avalonia DroneCAN page.
Controls/DroneCANFileUI.resx	resx	retain		Preserve neutral/culture resource until AXAML localization mapping is verified.
Controls/DroneCANInspector.cs	csharp	replace	Views/DroneCANInspectorView.axaml;ViewModels/DroneCANInspectorViewModel.cs;Views/DroneCanFieldGraphWindow.cs;Views/DroneCanSubscriberWindow.cs	Mapped to the listed native Avalonia artifacts; feature-level parity and deliberate safety differences are recorded in Porting/Reference/PORT_STATUS.md.
Controls/DroneCANInspector.resx	resx	retain		Preserve neutral/culture resource until AXAML localization mapping is verified.
Controls/DroneCANParams.Designer.cs	csharp	replace	GCSViews/ConfigurationView/ConfigDroneCanView.axaml;ViewModels/GCSViews/ConfigurationView/ConfigDroneCanViewModel.cs	Mapped to the listed native Avalonia artifacts; feature-level parity and deliberate safety differences are recorded in Porting/Reference/PORT_STATUS.md.
Controls/DroneCANParams.ar.resx	resx	retain		Preserve neutral/culture resource until AXAML localization mapping is verified.
Controls/DroneCANParams.az-Latn-AZ.resx	resx	retain		Preserve neutral/culture resource until AXAML localization mapping is verified.
Controls/DroneCANParams.cs	csharp	replace	GCSViews/ConfigurationView/ConfigDroneCanView.axaml;ViewModels/GCSViews/ConfigurationView/ConfigDroneCanViewModel.cs	Mapped to the listed native Avalonia artifacts; feature-level parity and deliberate safety differences are recorded in Porting/Reference/PORT_STATUS.md.
Controls/DroneCANParams.de-DE.resx	resx	retain		Preserve neutral/culture resource until AXAML localization mapping is verified.
Controls/DroneCANParams.fr.resx	resx	retain		Preserve neutral/culture resource until AXAML localization mapping is verified.
Controls/DroneCANParams.id-ID.resx	resx	retain		Preserve neutral/culture resource until AXAML localization mapping is verified.
Controls/DroneCANParams.it-IT.resx	resx	retain		Preserve neutral/culture resource until AXAML localization mapping is verified.
Controls/DroneCANParams.ja-JP.resx	resx	retain		Preserve neutral/culture resource until AXAML localization mapping is verified.
Controls/DroneCANParams.ko-KR.resx	resx	retain		Preserve neutral/culture resource until AXAML localization mapping is verified.
Controls/DroneCANParams.pt.resx	resx	retain		Preserve neutral/culture resource until AXAML localization mapping is verified.
Controls/DroneCANParams.resx	resx	retain		Preserve neutral/culture resource until AXAML localization mapping is verified.
Controls/DroneCANParams.ru-KZ.resx	resx	retain		Preserve neutral/culture resource until AXAML localization mapping is verified.
Controls/DroneCANParams.tr.resx	resx	retain		Preserve neutral/culture resource until AXAML localization mapping is verified.
Controls/DroneCANParams.uk.resx	resx	retain		Preserve neutral/culture resource until AXAML localization mapping is verified.
Controls/DroneCANParams.zh-Hans.resx	resx	retain		Preserve neutral/culture resource until AXAML localization mapping is verified.
Controls/DroneCANParams.zh-Hant.resx	resx	retain		Preserve neutral/culture resource until AXAML localization mapping is verified.
Controls/DroneCANParams.zh-TW.resx	resx	retain		Preserve neutral/culture resource until AXAML localization mapping is verified.
Controls/DroneCANSubscriber.cs	csharp	replace	Views/DroneCanSubscriberWindow.cs;ViewModels/DroneCANInspectorViewModel.cs	Mapped to the listed native Avalonia artifacts; feature-level parity and deliberate safety differences are recorded in Porting/Reference/PORT_STATUS.md.
Controls/DroneCANSubscriber.resx	resx	retain		Preserve neutral/culture resource until AXAML localization mapping is verified.
Controls/EKFStatus.Designer.cs	csharp	replace	Views/FlightDataDialogs.cs;Controls/HudControl.cs	Mapped to the listed native Avalonia artifacts; feature-level parity and deliberate safety differences are recorded in Porting/Reference/PORT_STATUS.md.
Controls/EKFStatus.cs	csharp	replace	Views/FlightDataDialogs.cs;Controls/HudControl.cs	Mapped to the listed native Avalonia artifacts; feature-level parity and deliberate safety differences are recorded in Porting/Reference/PORT_STATUS.md.
Controls/EKFStatus.ko-KR.resx	resx	retain		Preserve neutral/culture resource until AXAML localization mapping is verified.
Controls/EKFStatus.resx	resx	retain		Preserve neutral/culture resource until AXAML localization mapping is verified.
Controls/EKFStatus.uk.resx	resx	retain		Preserve neutral/culture resource until AXAML localization mapping is verified.
Controls/ElevationProfile.Designer.cs	csharp	replace	Views/ElevationGraphWindow.cs;ViewModels/FlightPlannerViewModel.cs	Mapped to the listed native Avalonia artifacts; feature-level parity and deliberate safety differences are recorded in Porting/Reference/PORT_STATUS.md.
Controls/ElevationProfile.cs	csharp	replace	Views/ElevationGraphWindow.cs;ViewModels/FlightPlannerViewModel.cs	Mapped to the listed native Avalonia artifacts; feature-level parity and deliberate safety differences are recorded in Porting/Reference/PORT_STATUS.md.
Controls/ElevationProfile.resx	resx	retain		Preserve neutral/culture resource until AXAML localization mapping is verified.
Controls/FollowMe.Designer.cs	csharp	replace	Views/FollowMeView.axaml;ViewModels/FollowMeViewModel.cs	Mapped to the listed native Avalonia artifacts; feature-level parity and deliberate safety differences are recorded in Porting/Reference/PORT_STATUS.md.
Controls/FollowMe.ar.resx	resx	retain		Preserve neutral/culture resource until AXAML localization mapping is verified.
Controls/FollowMe.az-Latn-AZ.resx	resx	retain		Preserve neutral/culture resource until AXAML localization mapping is verified.
Controls/FollowMe.cs	csharp	replace	Views/FollowMeView.axaml;ViewModels/FollowMeViewModel.cs	Mapped to the listed native Avalonia artifacts; feature-level parity and deliberate safety differences are recorded in Porting/Reference/PORT_STATUS.md.
Controls/FollowMe.de-DE.resx	resx	retain		Preserve neutral/culture resource until AXAML localization mapping is verified.
Controls/FollowMe.es-ES.resx	resx	retain		Preserve neutral/culture resource until AXAML localization mapping is verified.
Controls/FollowMe.fr.resx	resx	retain		Preserve neutral/culture resource until AXAML localization mapping is verified.
Controls/FollowMe.id-ID.resx	resx	retain		Preserve neutral/culture resource until AXAML localization mapping is verified.
Controls/FollowMe.it-IT.resx	resx	retain		Preserve neutral/culture resource until AXAML localization mapping is verified.
Controls/FollowMe.ko-KR.resx	resx	retain		Preserve neutral/culture resource until AXAML localization mapping is verified.
Controls/FollowMe.pl.resx	resx	retain		Preserve neutral/culture resource until AXAML localization mapping is verified.
Controls/FollowMe.pt.resx	resx	retain		Preserve neutral/culture resource until AXAML localization mapping is verified.
Controls/FollowMe.resx	resx	retain		Preserve neutral/culture resource until AXAML localization mapping is verified.
Controls/FollowMe.ru-KZ.resx	resx	retain		Preserve neutral/culture resource until AXAML localization mapping is verified.
Controls/FollowMe.tr.resx	resx	retain		Preserve neutral/culture resource until AXAML localization mapping is verified.
Controls/FollowMe.uk.resx	resx	retain		Preserve neutral/culture resource until AXAML localization mapping is verified.
Controls/FollowMe.zh-Hans.resx	resx	retain		Preserve neutral/culture resource until AXAML localization mapping is verified.
Controls/FollowMe.zh-Hant.resx	resx	retain		Preserve neutral/culture resource until AXAML localization mapping is verified.
Controls/FollowMe.zh-TW.resx	resx	retain		Preserve neutral/culture resource until AXAML localization mapping is verified.
Controls/GMAPCache.Designer.cs	csharp	replace	Views/MapCacheView.axaml;ViewModels/MapCacheViewModel.cs;Services/MapCacheManager.cs	Mapped to the listed native Avalonia artifacts; feature-level parity and deliberate safety differences are recorded in Porting/Reference/PORT_STATUS.md.
Controls/GMAPCache.cs	csharp	replace	Views/MapCacheView.axaml;ViewModels/MapCacheViewModel.cs;Services/MapCacheManager.cs	Mapped to the listed native Avalonia artifacts; feature-level parity and deliberate safety differences are recorded in Porting/Reference/PORT_STATUS.md.
Controls/GMAPCache.resx	resx	retain		Preserve neutral/culture resource until AXAML localization mapping is verified.
Controls/GimbalControlSettingsForm.Designer.cs	csharp	replace	Controls/GimbalVideoOverlay.cs;Services/GimbalVideoInteraction.cs	Mapped to the listed native Avalonia artifacts; feature-level parity and deliberate safety differences are recorded in Porting/Reference/PORT_STATUS.md.
Controls/GimbalControlSettingsForm.cs	csharp	replace	Controls/GimbalVideoOverlay.cs;Services/GimbalVideoInteraction.cs	Mapped to the listed native Avalonia artifacts; feature-level parity and deliberate safety differences are recorded in Porting/Reference/PORT_STATUS.md.
Controls/GimbalControlSettingsForm.resx	resx	retain		Preserve neutral/culture resource until AXAML localization mapping is verified.
Controls/GimbalVideoControl.Designer.cs	csharp	replace	Controls/VideoControl.cs;Controls/GimbalVideoOverlay.cs;Services/GimbalVideoInteraction.cs	Mapped to the listed native Avalonia artifacts; feature-level parity and deliberate safety differences are recorded in Porting/Reference/PORT_STATUS.md.
Controls/GimbalVideoControl.cs	csharp	replace	Controls/VideoControl.cs;Controls/GimbalVideoOverlay.cs;Services/GimbalVideoInteraction.cs	Mapped to the listed native Avalonia artifacts; feature-level parity and deliberate safety differences are recorded in Porting/Reference/PORT_STATUS.md.
Controls/GimbalVideoControl.resx	resx	retain		Preserve neutral/culture resource until AXAML localization mapping is verified.
Controls/Icon/File.cs	csharp	replace	Theme/MpTheme.axaml;GCSViews/FlightPlannerView.axaml;Controls/FlightPlannerMap.cs	The GDI icon helpers are replaced by Avalonia vector/font icons and native map drawing.
Controls/Icon/Icon.cs	csharp	replace	Theme/MpTheme.axaml;GCSViews/FlightPlannerView.axaml;Controls/FlightPlannerMap.cs	The GDI icon helpers are replaced by Avalonia vector/font icons and native map drawing.
Controls/Icon/Polygon.cs	csharp	replace	Theme/MpTheme.axaml;GCSViews/FlightPlannerView.axaml;Controls/FlightPlannerMap.cs	The GDI icon helpers are replaced by Avalonia vector/font icons and native map drawing.
Controls/Icon/Zoom.cs	csharp	replace	Theme/MpTheme.axaml;GCSViews/FlightPlannerView.axaml;Controls/FlightPlannerMap.cs	The GDI icon helpers are replaced by Avalonia vector/font icons and native map drawing.
Controls/Loading.Designer.cs	csharp	replace	Services/ProgressDialogs.cs	Mapped to the listed native Avalonia artifacts; feature-level parity and deliberate safety differences are recorded in Porting/Reference/PORT_STATUS.md.
Controls/Loading.cs	csharp	replace	Services/ProgressDialogs.cs	Mapped to the listed native Avalonia artifacts; feature-level parity and deliberate safety differences are recorded in Porting/Reference/PORT_STATUS.md.
Controls/Loading.resx	resx	retain		Preserve neutral/culture resource until AXAML localization mapping is verified.
Controls/LogAnalyzer.Designer.cs	csharp	replace	Services/LogAnalyzer.cs;Views/LogMetadataWindow.cs	Mapped to the listed native Avalonia artifacts; feature-level parity and deliberate safety differences are recorded in Porting/Reference/PORT_STATUS.md.
Controls/LogAnalyzer.cs	csharp	replace	Services/LogAnalyzer.cs;Views/LogMetadataWindow.cs	Mapped to the listed native Avalonia artifacts; feature-level parity and deliberate safety differences are recorded in Porting/Reference/PORT_STATUS.md.
Controls/LogAnalyzer.resx	resx	retain		Preserve neutral/culture resource until AXAML localization mapping is verified.
Controls/MAVLinkInspector.cs	csharp	replace	Views/MAVLinkInspectorView.axaml;ViewModels/MAVLinkInspectorViewModel.cs	Mapped to the listed native Avalonia artifacts; feature-level parity and deliberate safety differences are recorded in Porting/Reference/PORT_STATUS.md.
Controls/MAVLinkInspector.resx	resx	retain		Preserve neutral/culture resource until AXAML localization mapping is verified.
Controls/MAVLinkParamChanged.cs	csharp	replace	ViewModels/GCSViews/ConfigurationView/ParamField.cs;ViewModels/GCSViews/ConfigurationView/ParamPageBase.cs	Mapped to the listed native Avalonia artifacts; feature-level parity and deliberate safety differences are recorded in Porting/Reference/PORT_STATUS.md.
Controls/MavCommandSelection.Designer.cs	csharp	replace	GCSViews/ConfigurationView/ConfigMavCommandView.axaml;ViewModels/GCSViews/ConfigurationView/ConfigMavCommandViewModel.cs	Mapped to the listed native Avalonia artifacts; feature-level parity and deliberate safety differences are recorded in Porting/Reference/PORT_STATUS.md.
Controls/MavCommandSelection.cs	csharp	replace	GCSViews/ConfigurationView/ConfigMavCommandView.axaml;ViewModels/GCSViews/ConfigurationView/ConfigMavCommandViewModel.cs	Mapped to the listed native Avalonia artifacts; feature-level parity and deliberate safety differences are recorded in Porting/Reference/PORT_STATUS.md.
Controls/MavCommandSelection.resx	resx	retain		Preserve neutral/culture resource until AXAML localization mapping is verified.
Controls/MavCommandSelection.uk.resx	resx	retain		Preserve neutral/culture resource until AXAML localization mapping is verified.
Controls/MavFTPUI.Designer.cs	csharp	replace	GCSViews/ConfigurationView/MavFTPUIView.axaml;ViewModels/GCSViews/ConfigurationView/MavFTPUIViewModel.cs	Mapped to the listed native Avalonia artifacts; feature-level parity and deliberate safety differences are recorded in Porting/Reference/PORT_STATUS.md.
Controls/MavFTPUI.cs	csharp	replace	GCSViews/ConfigurationView/MavFTPUIView.axaml;ViewModels/GCSViews/ConfigurationView/MavFTPUIViewModel.cs	Mapped to the listed native Avalonia artifacts; feature-level parity and deliberate safety differences are recorded in Porting/Reference/PORT_STATUS.md.
Controls/MavFTPUI.resx	resx	retain		Preserve neutral/culture resource until AXAML localization mapping is verified.
Controls/MavlinkCheckBox.cs	csharp	replace	Controls/FormField.cs;ViewModels/GCSViews/ConfigurationView/ParamField.cs	Mapped to the listed native Avalonia artifacts; feature-level parity and deliberate safety differences are recorded in Porting/Reference/PORT_STATUS.md.
Controls/MavlinkCheckBoxBitMask.cs	csharp	replace	Controls/FormField.cs;ViewModels/GCSViews/ConfigurationView/ParamField.cs	Mapped to the listed native Avalonia artifacts; feature-level parity and deliberate safety differences are recorded in Porting/Reference/PORT_STATUS.md.
Controls/MavlinkCheckBoxBitMask.resx	resx	retain		Preserve neutral/culture resource until AXAML localization mapping is verified.
Controls/MavlinkComboBox.cs	csharp	replace	Controls/FormField.cs;ViewModels/GCSViews/ConfigurationView/ParamField.cs	Mapped to the listed native Avalonia artifacts; feature-level parity and deliberate safety differences are recorded in Porting/Reference/PORT_STATUS.md.
Controls/MavlinkNumericUpDown.cs	csharp	replace	Controls/FormField.cs;ViewModels/GCSViews/ConfigurationView/ParamField.cs	Mapped to the listed native Avalonia artifacts; feature-level parity and deliberate safety differences are recorded in Porting/Reference/PORT_STATUS.md.
Controls/ModifyandSet.Designer.cs	csharp	replace	Views/ParamCompareWindow.cs;ViewModels/RawParamsViewModel.cs	Mapped to the listed native Avalonia artifacts; feature-level parity and deliberate safety differences are recorded in Porting/Reference/PORT_STATUS.md.
Controls/ModifyandSet.ar.resx	resx	retain		Preserve neutral/culture resource until AXAML localization mapping is verified.
Controls/ModifyandSet.az-Latn-AZ.resx	resx	retain		Preserve neutral/culture resource until AXAML localization mapping is verified.
Controls/ModifyandSet.cs	csharp	replace	Views/ParamCompareWindow.cs;ViewModels/RawParamsViewModel.cs	Mapped to the listed native Avalonia artifacts; feature-level parity and deliberate safety differences are recorded in Porting/Reference/PORT_STATUS.md.
Controls/ModifyandSet.id-ID.resx	resx	retain		Preserve neutral/culture resource until AXAML localization mapping is verified.
Controls/ModifyandSet.ja-JP.resx	resx	retain		Preserve neutral/culture resource until AXAML localization mapping is verified.
Controls/ModifyandSet.ko-KR.resx	resx	retain		Preserve neutral/culture resource until AXAML localization mapping is verified.
Controls/ModifyandSet.pt.resx	resx	retain		Preserve neutral/culture resource until AXAML localization mapping is verified.
Controls/ModifyandSet.resx	resx	retain		Preserve neutral/culture resource until AXAML localization mapping is verified.
Controls/ModifyandSet.ru-KZ.resx	resx	retain		Preserve neutral/culture resource until AXAML localization mapping is verified.
Controls/ModifyandSet.tr.resx	resx	retain		Preserve neutral/culture resource until AXAML localization mapping is verified.
Controls/ModifyandSet.uk.resx	resx	retain		Preserve neutral/culture resource until AXAML localization mapping is verified.
Controls/MovingBase.Designer.cs	csharp	replace	Views/MovingBaseView.axaml;ViewModels/MovingBaseViewModel.cs	Mapped to the listed native Avalonia artifacts; feature-level parity and deliberate safety differences are recorded in Porting/Reference/PORT_STATUS.md.
Controls/MovingBase.ar.resx	resx	retain		Preserve neutral/culture resource until AXAML localization mapping is verified.
Controls/MovingBase.az-Latn-AZ.resx	resx	retain		Preserve neutral/culture resource until AXAML localization mapping is verified.
Controls/MovingBase.cs	csharp	replace	Views/MovingBaseView.axaml;ViewModels/MovingBaseViewModel.cs	Mapped to the listed native Avalonia artifacts; feature-level parity and deliberate safety differences are recorded in Porting/Reference/PORT_STATUS.md.
Controls/MovingBase.de-DE.resx	resx	retain		Preserve neutral/culture resource until AXAML localization mapping is verified.
Controls/MovingBase.es-ES.resx	resx	retain		Preserve neutral/culture resource until AXAML localization mapping is verified.
Controls/MovingBase.fr.resx	resx	retain		Preserve neutral/culture resource until AXAML localization mapping is verified.
Controls/MovingBase.id-ID.resx	resx	retain		Preserve neutral/culture resource until AXAML localization mapping is verified.
Controls/MovingBase.it-IT.resx	resx	retain		Preserve neutral/culture resource until AXAML localization mapping is verified.
Controls/MovingBase.ja-JP.resx	resx	retain		Preserve neutral/culture resource until AXAML localization mapping is verified.
Controls/MovingBase.ko-KR.resx	resx	retain		Preserve neutral/culture resource until AXAML localization mapping is verified.
Controls/MovingBase.pl.resx	resx	retain		Preserve neutral/culture resource until AXAML localization mapping is verified.
Controls/MovingBase.pt.resx	resx	retain		Preserve neutral/culture resource until AXAML localization mapping is verified.
Controls/MovingBase.resx	resx	retain		Preserve neutral/culture resource until AXAML localization mapping is verified.
Controls/MovingBase.ru-KZ.resx	resx	retain		Preserve neutral/culture resource until AXAML localization mapping is verified.
Controls/MovingBase.tr.resx	resx	retain		Preserve neutral/culture resource until AXAML localization mapping is verified.
Controls/MovingBase.uk.resx	resx	retain		Preserve neutral/culture resource until AXAML localization mapping is verified.
Controls/MovingBase.zh-Hans.resx	resx	retain		Preserve neutral/culture resource until AXAML localization mapping is verified.
Controls/MovingBase.zh-Hant.resx	resx	retain		Preserve neutral/culture resource until AXAML localization mapping is verified.
Controls/MovingBase.zh-TW.resx	resx	retain		Preserve neutral/culture resource until AXAML localization mapping is verified.
Controls/MyDataGridView.cs	csharp	replace	Views/RawParamsView.axaml;GCSViews/FlightPlannerView.axaml	Mapped to the listed native Avalonia artifacts; feature-level parity and deliberate safety differences are recorded in Porting/Reference/PORT_STATUS.md.
Controls/OSDVideo.Designer.cs	csharp	replace	Views/OsdVideoOverlayWindow.axaml;ViewModels/OsdVideoOverlayViewModel.cs;Services/OsdVideoOverlay.cs	Mapped to the listed native Avalonia artifacts; feature-level parity and deliberate safety differences are recorded in Porting/Reference/PORT_STATUS.md.
Controls/OSDVideo.cs	csharp	replace	Views/OsdVideoOverlayWindow.axaml;ViewModels/OsdVideoOverlayViewModel.cs;Services/OsdVideoOverlay.cs	Mapped to the listed native Avalonia artifacts; feature-level parity and deliberate safety differences are recorded in Porting/Reference/PORT_STATUS.md.
Controls/OSDVideo.resx	resx	retain		Preserve neutral/culture resource until AXAML localization mapping is verified.
Controls/OpenGLtest.cs	csharp	remove	Porting/Reference/PORT_STATUS.md	The obsolete first OpenGL test surface is superseded by the tested native Avalonia Terrain 3D workflow.
Controls/OpenGLtest.resx	resx	retain		Preserve neutral/culture resource until AXAML localization mapping is verified.
Controls/OpenGLtest2.cs	csharp	replace	Views/Terrain3DView.axaml;ViewModels/Terrain3DViewModel.cs;Services/Terrain3D.cs	Mapped to the listed native Avalonia artifacts; feature-level parity and deliberate safety differences are recorded in Porting/Reference/PORT_STATUS.md.
Controls/OpenGLtest2.resx	resx	retain		Preserve neutral/culture resource until AXAML localization mapping is verified.
Controls/PreFlight/CheckListControl.Designer.cs	csharp	replace	Services/PreflightChecklist.cs;GCSViews/FlightDataView.axaml;ViewModels/FlightDataViewModel.cs	The checklist schema, evaluator, manual checks and native editor are ported and tested; see Porting/Reference/PORT_STATUS.md.
Controls/PreFlight/CheckListControl.cs	csharp	replace	Services/PreflightChecklist.cs;GCSViews/FlightDataView.axaml;ViewModels/FlightDataViewModel.cs	The checklist schema, evaluator, manual checks and native editor are ported and tested; see Porting/Reference/PORT_STATUS.md.
Controls/PreFlight/CheckListControl.resx	resx	retain		Preserve neutral/culture resource until AXAML localization mapping is verified.
Controls/PreFlight/CheckListEditor.Designer.cs	csharp	replace	Services/PreflightChecklist.cs;GCSViews/FlightDataView.axaml;ViewModels/FlightDataViewModel.cs	The checklist schema, evaluator, manual checks and native editor are ported and tested; see Porting/Reference/PORT_STATUS.md.
Controls/PreFlight/CheckListEditor.cs	csharp	replace	Services/PreflightChecklist.cs;GCSViews/FlightDataView.axaml;ViewModels/FlightDataViewModel.cs	The checklist schema, evaluator, manual checks and native editor are ported and tested; see Porting/Reference/PORT_STATUS.md.
Controls/PreFlight/CheckListEditor.resx	resx	retain		Preserve neutral/culture resource until AXAML localization mapping is verified.
Controls/PreFlight/CheckListInput.cs	csharp	replace	Services/PreflightChecklist.cs;GCSViews/FlightDataView.axaml;ViewModels/FlightDataViewModel.cs	The checklist schema, evaluator, manual checks and native editor are ported and tested; see Porting/Reference/PORT_STATUS.md.
Controls/PreFlight/CheckListInput.resx	resx	retain		Preserve neutral/culture resource until AXAML localization mapping is verified.
Controls/PreFlight/CheckListItem.cs	csharp	replace	Services/PreflightChecklist.cs;GCSViews/FlightDataView.axaml;ViewModels/FlightDataViewModel.cs	The checklist schema, evaluator, manual checks and native editor are ported and tested; see Porting/Reference/PORT_STATUS.md.
Controls/PrearmStatus.Designer.cs	csharp	replace	Views/FlightDataDialogs.cs;Controls/HudControl.cs	Mapped to the listed native Avalonia artifacts; feature-level parity and deliberate safety differences are recorded in Porting/Reference/PORT_STATUS.md.
Controls/PrearmStatus.cs	csharp	replace	Views/FlightDataDialogs.cs;Controls/HudControl.cs	Mapped to the listed native Avalonia artifacts; feature-level parity and deliberate safety differences are recorded in Porting/Reference/PORT_STATUS.md.
Controls/PrearmStatus.resx	resx	retain		Preserve neutral/culture resource until AXAML localization mapping is verified.
Controls/PropagationSettings.cs	csharp	replace	Views/PropagationSettingsWindow.cs;Services/PropagationService.cs	Mapped to the listed native Avalonia artifacts; feature-level parity and deliberate safety differences are recorded in Porting/Reference/PORT_STATUS.md.
Controls/PropagationSettings.ko-KR.resx	resx	retain		Preserve neutral/culture resource until AXAML localization mapping is verified.
Controls/PropagationSettings.resx	resx	retain		Preserve neutral/culture resource until AXAML localization mapping is verified.
Controls/PropagationSettings.uk.resx	resx	retain		Preserve neutral/culture resource until AXAML localization mapping is verified.
Controls/ProximityControl.cs	csharp	replace	Views/ProximityWindow.cs;Controls/ProximityRadarControl.cs	Mapped to the listed native Avalonia artifacts; feature-level parity and deliberate safety differences are recorded in Porting/Reference/PORT_STATUS.md.
Controls/ProximityControl.resx	resx	retain		Preserve neutral/culture resource until AXAML localization mapping is verified.
Controls/RAW_Sensor.Designer.cs	csharp	replace	Views/FlightDataDialogs.cs;GCSViews/FlightDataView.axaml	Mapped to the listed native Avalonia artifacts; feature-level parity and deliberate safety differences are recorded in Porting/Reference/PORT_STATUS.md.
Controls/RAW_Sensor.ar.resx	resx	retain		Preserve neutral/culture resource until AXAML localization mapping is verified.
Controls/RAW_Sensor.az-Latn-AZ.resx	resx	retain		Preserve neutral/culture resource until AXAML localization mapping is verified.
Controls/RAW_Sensor.cs	csharp	replace	Views/FlightDataDialogs.cs;GCSViews/FlightDataView.axaml	Mapped to the listed native Avalonia artifacts; feature-level parity and deliberate safety differences are recorded in Porting/Reference/PORT_STATUS.md.
Controls/RAW_Sensor.de-DE.resx	resx	retain		Preserve neutral/culture resource until AXAML localization mapping is verified.
Controls/RAW_Sensor.es-ES.resx	resx	retain		Preserve neutral/culture resource until AXAML localization mapping is verified.
Controls/RAW_Sensor.fr.resx	resx	retain		Preserve neutral/culture resource until AXAML localization mapping is verified.
Controls/RAW_Sensor.id-ID.resx	resx	retain		Preserve neutral/culture resource until AXAML localization mapping is verified.
Controls/RAW_Sensor.it-IT.resx	resx	retain		Preserve neutral/culture resource until AXAML localization mapping is verified.
Controls/RAW_Sensor.ja-JP.resx	resx	retain		Preserve neutral/culture resource until AXAML localization mapping is verified.
Controls/RAW_Sensor.ko-KR.resx	resx	retain		Preserve neutral/culture resource until AXAML localization mapping is verified.
Controls/RAW_Sensor.pl.resx	resx	retain		Preserve neutral/culture resource until AXAML localization mapping is verified.
Controls/RAW_Sensor.pt.resx	resx	retain		Preserve neutral/culture resource until AXAML localization mapping is verified.
Controls/RAW_Sensor.resx	resx	retain		Preserve neutral/culture resource until AXAML localization mapping is verified.
Controls/RAW_Sensor.ru-KZ.resx	resx	retain		Preserve neutral/culture resource until AXAML localization mapping is verified.
Controls/RAW_Sensor.tr.resx	resx	retain		Preserve neutral/culture resource until AXAML localization mapping is verified.
Controls/RAW_Sensor.uk.resx	resx	retain		Preserve neutral/culture resource until AXAML localization mapping is verified.
Controls/RAW_Sensor.zh-Hans.resx	resx	retain		Preserve neutral/culture resource until AXAML localization mapping is verified.
Controls/RAW_Sensor.zh-Hant.resx	resx	retain		Preserve neutral/culture resource until AXAML localization mapping is verified.
Controls/RAW_Sensor.zh-TW.resx	resx	retain		Preserve neutral/culture resource until AXAML localization mapping is verified.
Controls/RelayOptions.Designer.cs	csharp	replace	GCSViews/FlightDataView.axaml;ViewModels/FlightDataViewModel.cs	Mapped to the listed native Avalonia artifacts; feature-level parity and deliberate safety differences are recorded in Porting/Reference/PORT_STATUS.md.
Controls/RelayOptions.ar.resx	resx	retain		Preserve neutral/culture resource until AXAML localization mapping is verified.
Controls/RelayOptions.az-Latn-AZ.resx	resx	retain		Preserve neutral/culture resource until AXAML localization mapping is verified.
Controls/RelayOptions.cs	csharp	replace	GCSViews/FlightDataView.axaml;ViewModels/FlightDataViewModel.cs	Mapped to the listed native Avalonia artifacts; feature-level parity and deliberate safety differences are recorded in Porting/Reference/PORT_STATUS.md.
Controls/RelayOptions.id-ID.resx	resx	retain		Preserve neutral/culture resource until AXAML localization mapping is verified.
Controls/RelayOptions.ja-JP.resx	resx	retain		Preserve neutral/culture resource until AXAML localization mapping is verified.
Controls/RelayOptions.ko-KR.resx	resx	retain		Preserve neutral/culture resource until AXAML localization mapping is verified.
Controls/RelayOptions.pt.resx	resx	retain		Preserve neutral/culture resource until AXAML localization mapping is verified.
Controls/RelayOptions.resx	resx	retain		Preserve neutral/culture resource until AXAML localization mapping is verified.
Controls/RelayOptions.ru-KZ.resx	resx	retain		Preserve neutral/culture resource until AXAML localization mapping is verified.
Controls/RelayOptions.tr.resx	resx	retain		Preserve neutral/culture resource until AXAML localization mapping is verified.
Controls/RelayOptions.uk.resx	resx	retain		Preserve neutral/culture resource until AXAML localization mapping is verified.
Controls/RelayOptions.zh-Hans.resx	resx	retain		Preserve neutral/culture resource until AXAML localization mapping is verified.
Controls/SB.cs	csharp	replace	Services/CubeServiceBulletin.cs;ViewModels/ConnectionViewModel.cs	Mapped to the listed native Avalonia artifacts; feature-level parity and deliberate safety differences are recorded in Porting/Reference/PORT_STATUS.md.
Controls/ScriptConsole.Designer.cs	csharp	replace	GCSViews/ConfigurationView/ConfigScriptReplView.axaml;ViewModels/GCSViews/ConfigurationView/ConfigScriptReplViewModel.cs;Services/LuaScriptHost.cs	Mapped to the listed native Avalonia artifacts; feature-level parity and deliberate safety differences are recorded in Porting/Reference/PORT_STATUS.md.
Controls/ScriptConsole.ar.resx	resx	retain		Preserve neutral/culture resource until AXAML localization mapping is verified.
Controls/ScriptConsole.az-Latn-AZ.resx	resx	retain		Preserve neutral/culture resource until AXAML localization mapping is verified.
Controls/ScriptConsole.cs	csharp	replace	GCSViews/ConfigurationView/ConfigScriptReplView.axaml;ViewModels/GCSViews/ConfigurationView/ConfigScriptReplViewModel.cs;Services/LuaScriptHost.cs	Mapped to the listed native Avalonia artifacts; feature-level parity and deliberate safety differences are recorded in Porting/Reference/PORT_STATUS.md.
Controls/ScriptConsole.id-ID.resx	resx	retain		Preserve neutral/culture resource until AXAML localization mapping is verified.
Controls/ScriptConsole.ja-JP.resx	resx	retain		Preserve neutral/culture resource until AXAML localization mapping is verified.
Controls/ScriptConsole.ko-KR.resx	resx	retain		Preserve neutral/culture resource until AXAML localization mapping is verified.
Controls/ScriptConsole.pt.resx	resx	retain		Preserve neutral/culture resource until AXAML localization mapping is verified.
Controls/ScriptConsole.resx	resx	retain		Preserve neutral/culture resource until AXAML localization mapping is verified.
Controls/ScriptConsole.ru-KZ.resx	resx	retain		Preserve neutral/culture resource until AXAML localization mapping is verified.
Controls/ScriptConsole.tr.resx	resx	retain		Preserve neutral/culture resource until AXAML localization mapping is verified.
Controls/ScriptConsole.uk.resx	resx	retain		Preserve neutral/culture resource until AXAML localization mapping is verified.
Controls/ScriptConsole.zh-Hans.resx	resx	retain		Preserve neutral/culture resource until AXAML localization mapping is verified.
Controls/ScriptConsole.zh-Hant.resx	resx	retain		Preserve neutral/culture resource until AXAML localization mapping is verified.
Controls/ScriptConsole.zh-TW.resx	resx	retain		Preserve neutral/culture resource until AXAML localization mapping is verified.
Controls/SerialOutputCoT.Designer.cs	csharp	replace	Views/SerialOutputCotView.axaml;ViewModels/SerialOutputCotViewModel.cs	Mapped to the listed native Avalonia artifacts; feature-level parity and deliberate safety differences are recorded in Porting/Reference/PORT_STATUS.md.
Controls/SerialOutputCoT.cs	csharp	replace	Views/SerialOutputCotView.axaml;ViewModels/SerialOutputCotViewModel.cs	Mapped to the listed native Avalonia artifacts; feature-level parity and deliberate safety differences are recorded in Porting/Reference/PORT_STATUS.md.
Controls/SerialOutputCoT.resx	resx	retain		Preserve neutral/culture resource until AXAML localization mapping is verified.
Controls/SerialOutputMD.Designer.cs	csharp	replace	Views/MicrodroneDownlinkView.axaml;ViewModels/MicrodroneDownlinkViewModel.cs;Services/MicrodroneDownlinkEncoder.cs	Mapped to the listed native Avalonia artifacts; feature-level parity and deliberate safety differences are recorded in Porting/Reference/PORT_STATUS.md.
Controls/SerialOutputMD.ar.resx	resx	retain		Preserve neutral/culture resource until AXAML localization mapping is verified.
Controls/SerialOutputMD.az-Latn-AZ.resx	resx	retain		Preserve neutral/culture resource until AXAML localization mapping is verified.
Controls/SerialOutputMD.cs	csharp	replace	Views/MicrodroneDownlinkView.axaml;ViewModels/MicrodroneDownlinkViewModel.cs;Services/MicrodroneDownlinkEncoder.cs	Mapped to the listed native Avalonia artifacts; feature-level parity and deliberate safety differences are recorded in Porting/Reference/PORT_STATUS.md.
Controls/SerialOutputMD.id-ID.resx	resx	retain		Preserve neutral/culture resource until AXAML localization mapping is verified.
Controls/SerialOutputMD.ja-JP.resx	resx	retain		Preserve neutral/culture resource until AXAML localization mapping is verified.
Controls/SerialOutputMD.ko-KR.resx	resx	retain		Preserve neutral/culture resource until AXAML localization mapping is verified.
Controls/SerialOutputMD.pt.resx	resx	retain		Preserve neutral/culture resource until AXAML localization mapping is verified.
Controls/SerialOutputMD.resx	resx	retain		Preserve neutral/culture resource until AXAML localization mapping is verified.
Controls/SerialOutputMD.ru-KZ.resx	resx	retain		Preserve neutral/culture resource until AXAML localization mapping is verified.
Controls/SerialOutputMD.tr.resx	resx	retain		Preserve neutral/culture resource until AXAML localization mapping is verified.
Controls/SerialOutputMD.uk.resx	resx	retain		Preserve neutral/culture resource until AXAML localization mapping is verified.
Controls/SerialOutputNMEA.Designer.cs	csharp	replace	Views/SerialOutputNMEAView.axaml;ViewModels/SerialOutputNMEAViewModel.cs	Mapped to the listed native Avalonia artifacts; feature-level parity and deliberate safety differences are recorded in Porting/Reference/PORT_STATUS.md.
Controls/SerialOutputNMEA.ar.resx	resx	retain		Preserve neutral/culture resource until AXAML localization mapping is verified.
Controls/SerialOutputNMEA.az-Latn-AZ.resx	resx	retain		Preserve neutral/culture resource until AXAML localization mapping is verified.
Controls/SerialOutputNMEA.cs	csharp	replace	Views/SerialOutputNMEAView.axaml;ViewModels/SerialOutputNMEAViewModel.cs	Mapped to the listed native Avalonia artifacts; feature-level parity and deliberate safety differences are recorded in Porting/Reference/PORT_STATUS.md.
Controls/SerialOutputNMEA.id-ID.resx	resx	retain		Preserve neutral/culture resource until AXAML localization mapping is verified.
Controls/SerialOutputNMEA.ja-JP.resx	resx	retain		Preserve neutral/culture resource until AXAML localization mapping is verified.
Controls/SerialOutputNMEA.ko-KR.resx	resx	retain		Preserve neutral/culture resource until AXAML localization mapping is verified.
Controls/SerialOutputNMEA.pt.resx	resx	retain		Preserve neutral/culture resource until AXAML localization mapping is verified.
Controls/SerialOutputNMEA.resx	resx	retain		Preserve neutral/culture resource until AXAML localization mapping is verified.
Controls/SerialOutputNMEA.ru-KZ.resx	resx	retain		Preserve neutral/culture resource until AXAML localization mapping is verified.
Controls/SerialOutputNMEA.tr.resx	resx	retain		Preserve neutral/culture resource until AXAML localization mapping is verified.
Controls/SerialOutputNMEA.uk.resx	resx	retain		Preserve neutral/culture resource until AXAML localization mapping is verified.
Controls/SerialOutputPass.Designer.cs	csharp	replace	Views/SerialPassThroughView.axaml;ViewModels/SerialPassThroughViewModel.cs	Mapped to the listed native Avalonia artifacts; feature-level parity and deliberate safety differences are recorded in Porting/Reference/PORT_STATUS.md.
Controls/SerialOutputPass.ar.resx	resx	retain		Preserve neutral/culture resource until AXAML localization mapping is verified.
Controls/SerialOutputPass.az-Latn-AZ.resx	resx	retain		Preserve neutral/culture resource until AXAML localization mapping is verified.
Controls/SerialOutputPass.cs	csharp	replace	Views/SerialPassThroughView.axaml;ViewModels/SerialPassThroughViewModel.cs	Mapped to the listed native Avalonia artifacts; feature-level parity and deliberate safety differences are recorded in Porting/Reference/PORT_STATUS.md.
Controls/SerialOutputPass.id-ID.resx	resx	retain		Preserve neutral/culture resource until AXAML localization mapping is verified.
Controls/SerialOutputPass.ja-JP.resx	resx	retain		Preserve neutral/culture resource until AXAML localization mapping is verified.
Controls/SerialOutputPass.ko-KR.resx	resx	retain		Preserve neutral/culture resource until AXAML localization mapping is verified.
Controls/SerialOutputPass.pt.resx	resx	retain		Preserve neutral/culture resource until AXAML localization mapping is verified.
Controls/SerialOutputPass.resx	resx	retain		Preserve neutral/culture resource until AXAML localization mapping is verified.
Controls/SerialOutputPass.ru-KZ.resx	resx	retain		Preserve neutral/culture resource until AXAML localization mapping is verified.
Controls/SerialOutputPass.tr.resx	resx	retain		Preserve neutral/culture resource until AXAML localization mapping is verified.
Controls/SerialOutputPass.uk.resx	resx	retain		Preserve neutral/culture resource until AXAML localization mapping is verified.
Controls/SerialOutputPass.zh-Hans.resx	resx	retain		Preserve neutral/culture resource until AXAML localization mapping is verified.
Controls/SerialSupportProxy.Designer.cs	csharp	remove	Porting/Reference/PORT_STATUS.md	Support Proxy is intentionally disabled until authentication, explicit consent and a reviewed network design exist.
Controls/SerialSupportProxy.cs	csharp	remove	Porting/Reference/PORT_STATUS.md	Support Proxy is intentionally disabled until authentication, explicit consent and a reviewed network design exist.
Controls/SerialSupportProxy.resx	resx	retain		Preserve neutral/culture resource until AXAML localization mapping is verified.
Controls/ServoOptions.Designer.cs	csharp	replace	GCSViews/FlightDataView.axaml;ViewModels/FlightDataViewModel.cs	Mapped to the listed native Avalonia artifacts; feature-level parity and deliberate safety differences are recorded in Porting/Reference/PORT_STATUS.md.
Controls/ServoOptions.ar.resx	resx	retain		Preserve neutral/culture resource until AXAML localization mapping is verified.
Controls/ServoOptions.az-Latn-AZ.resx	resx	retain		Preserve neutral/culture resource until AXAML localization mapping is verified.
Controls/ServoOptions.cs	csharp	replace	GCSViews/FlightDataView.axaml;ViewModels/FlightDataViewModel.cs	Mapped to the listed native Avalonia artifacts; feature-level parity and deliberate safety differences are recorded in Porting/Reference/PORT_STATUS.md.
Controls/ServoOptions.id-ID.resx	resx	retain		Preserve neutral/culture resource until AXAML localization mapping is verified.
Controls/ServoOptions.ja-JP.resx	resx	retain		Preserve neutral/culture resource until AXAML localization mapping is verified.
Controls/ServoOptions.ko-KR.resx	resx	retain		Preserve neutral/culture resource until AXAML localization mapping is verified.
Controls/ServoOptions.pt.resx	resx	retain		Preserve neutral/culture resource until AXAML localization mapping is verified.
Controls/ServoOptions.resx	resx	retain		Preserve neutral/culture resource until AXAML localization mapping is verified.
Controls/ServoOptions.ru-KZ.resx	resx	retain		Preserve neutral/culture resource until AXAML localization mapping is verified.
Controls/ServoOptions.tr.resx	resx	retain		Preserve neutral/culture resource until AXAML localization mapping is verified.
Controls/ServoOptions.uk.resx	resx	retain		Preserve neutral/culture resource until AXAML localization mapping is verified.
Controls/ServoOptions.zh-Hans.resx	resx	retain		Preserve neutral/culture resource until AXAML localization mapping is verified.
Controls/SpectrogramUI.Designer.cs	csharp	replace	Views/SpectrogramWindow.cs	Mapped to the listed native Avalonia artifacts; feature-level parity and deliberate safety differences are recorded in Porting/Reference/PORT_STATUS.md.
Controls/SpectrogramUI.cs	csharp	replace	Views/SpectrogramWindow.cs	Mapped to the listed native Avalonia artifacts; feature-level parity and deliberate safety differences are recorded in Porting/Reference/PORT_STATUS.md.
Controls/SpectrogramUI.resx	resx	retain		Preserve neutral/culture resource until AXAML localization mapping is verified.
Controls/Status.Designer.cs	csharp	replace	GCSViews/FlightDataView.axaml;Views/FlightDataDialogs.cs	Mapped to the listed native Avalonia artifacts; feature-level parity and deliberate safety differences are recorded in Porting/Reference/PORT_STATUS.md.
Controls/Status.cs	csharp	replace	GCSViews/FlightDataView.axaml;Views/FlightDataDialogs.cs	Mapped to the listed native Avalonia artifacts; feature-level parity and deliberate safety differences are recorded in Porting/Reference/PORT_STATUS.md.
Controls/Status.resx	resx	retain		Preserve neutral/culture resource until AXAML localization mapping is verified.
Controls/ThemeEditor.Designer.cs	csharp	replace	Views/ThemeEditorWindow.cs;Services/ThemeService.cs	Mapped to the listed native Avalonia artifacts; feature-level parity and deliberate safety differences are recorded in Porting/Reference/PORT_STATUS.md.
Controls/ThemeEditor.cs	csharp	replace	Views/ThemeEditorWindow.cs;Services/ThemeService.cs	Mapped to the listed native Avalonia artifacts; feature-level parity and deliberate safety differences are recorded in Porting/Reference/PORT_STATUS.md.
Controls/ThemeEditor.resx	resx	retain		Preserve neutral/culture resource until AXAML localization mapping is verified.
Controls/ToolStripConnectionControl.cs	csharp	replace	Views/MainWindow.axaml;ViewModels/ConnectionViewModel.cs	Mapped to the listed native Avalonia artifacts; feature-level parity and deliberate safety differences are recorded in Porting/Reference/PORT_STATUS.md.
Controls/Vibration.Designer.cs	csharp	replace	Views/FlightDataDialogs.cs;Controls/HudControl.cs	Mapped to the listed native Avalonia artifacts; feature-level parity and deliberate safety differences are recorded in Porting/Reference/PORT_STATUS.md.
Controls/Vibration.cs	csharp	replace	Views/FlightDataDialogs.cs;Controls/HudControl.cs	Mapped to the listed native Avalonia artifacts; feature-level parity and deliberate safety differences are recorded in Porting/Reference/PORT_STATUS.md.
Controls/Vibration.ko-KR.resx	resx	retain		Preserve neutral/culture resource until AXAML localization mapping is verified.
Controls/Vibration.resx	resx	retain		Preserve neutral/culture resource until AXAML localization mapping is verified.
Controls/Vibration.uk.resx	resx	retain		Preserve neutral/culture resource until AXAML localization mapping is verified.
Controls/Video.Designer.cs	csharp	replace	Controls/VideoControl.cs;Services/VideoSourceResolver.cs;Services/MavlinkVideoStreams.cs	Mapped to the listed native Avalonia artifacts; feature-level parity and deliberate safety differences are recorded in Porting/Reference/PORT_STATUS.md.
Controls/Video.cs	csharp	replace	Controls/VideoControl.cs;Services/VideoSourceResolver.cs;Services/MavlinkVideoStreams.cs	Mapped to the listed native Avalonia artifacts; feature-level parity and deliberate safety differences are recorded in Porting/Reference/PORT_STATUS.md.
Controls/Video.resx	resx	retain		Preserve neutral/culture resource until AXAML localization mapping is verified.
Controls/VideoStreamSelector.Designer.cs	csharp	replace	Controls/VideoControl.cs;Services/VideoSourceResolver.cs;Services/MavlinkVideoStreams.cs	Mapped to the listed native Avalonia artifacts; feature-level parity and deliberate safety differences are recorded in Porting/Reference/PORT_STATUS.md.
Controls/VideoStreamSelector.cs	csharp	replace	Controls/VideoControl.cs;Services/VideoSourceResolver.cs;Services/MavlinkVideoStreams.cs	Mapped to the listed native Avalonia artifacts; feature-level parity and deliberate safety differences are recorded in Porting/Reference/PORT_STATUS.md.
Controls/VideoStreamSelector.resx	resx	retain		Preserve neutral/culture resource until AXAML localization mapping is verified.
Controls/fftui.Designer.cs	csharp	replace	Views/ConfigFFTWindow.cs;ViewModels/GCSViews/ConfigurationView/ConfigFFTViewModel.cs	Mapped to the listed native Avalonia artifacts; feature-level parity and deliberate safety differences are recorded in Porting/Reference/PORT_STATUS.md.
Controls/fftui.cs	csharp	replace	Views/ConfigFFTWindow.cs;ViewModels/GCSViews/ConfigurationView/ConfigFFTViewModel.cs	Mapped to the listed native Avalonia artifacts; feature-level parity and deliberate safety differences are recorded in Porting/Reference/PORT_STATUS.md.
Controls/fftui.resx	resx	retain		Preserve neutral/culture resource until AXAML localization mapping is verified.
Controls/paramcompare.Designer.cs	csharp	replace	Views/ParamCompareWindow.cs;ViewModels/RawParamsViewModel.cs	Mapped to the listed native Avalonia artifacts; feature-level parity and deliberate safety differences are recorded in Porting/Reference/PORT_STATUS.md.
Controls/paramcompare.cs	csharp	replace	Views/ParamCompareWindow.cs;ViewModels/RawParamsViewModel.cs	Mapped to the listed native Avalonia artifacts; feature-level parity and deliberate safety differences are recorded in Porting/Reference/PORT_STATUS.md.
Controls/paramcompare.resx	resx	retain		Preserve neutral/culture resource until AXAML localization mapping is verified.
GCSViews/ConfigurationView/ConfigAC_Fence.Designer.cs	csharp	replace	GCSViews/ConfigurationView/ConfigAC_FenceView.axaml;ViewModels/GCSViews/ConfigurationView/ConfigAC_FenceViewModel.cs	Mapped to the listed native Avalonia artifacts; feature-level parity and deliberate safety differences are recorded in Porting/Reference/PORT_STATUS.md.
GCSViews/ConfigurationView/ConfigAC_Fence.ar.resx	resx	retain		Preserve neutral/culture resource until AXAML localization mapping is verified.
GCSViews/ConfigurationView/ConfigAC_Fence.az-Latn-AZ.resx	resx	retain		Preserve neutral/culture resource until AXAML localization mapping is verified.
GCSViews/ConfigurationView/ConfigAC_Fence.cs	csharp	replace	GCSViews/ConfigurationView/ConfigAC_FenceView.axaml;ViewModels/GCSViews/ConfigurationView/ConfigAC_FenceViewModel.cs	Mapped to the listed native Avalonia artifacts; feature-level parity and deliberate safety differences are recorded in Porting/Reference/PORT_STATUS.md.
GCSViews/ConfigurationView/ConfigAC_Fence.de-DE.resx	resx	retain		Preserve neutral/culture resource until AXAML localization mapping is verified.
GCSViews/ConfigurationView/ConfigAC_Fence.fr.resx	resx	retain		Preserve neutral/culture resource until AXAML localization mapping is verified.
GCSViews/ConfigurationView/ConfigAC_Fence.id-ID.resx	resx	retain		Preserve neutral/culture resource until AXAML localization mapping is verified.
GCSViews/ConfigurationView/ConfigAC_Fence.ja-JP.resx	resx	retain		Preserve neutral/culture resource until AXAML localization mapping is verified.
GCSViews/ConfigurationView/ConfigAC_Fence.ko-KR.resx	resx	retain		Preserve neutral/culture resource until AXAML localization mapping is verified.
GCSViews/ConfigurationView/ConfigAC_Fence.pt.resx	resx	retain		Preserve neutral/culture resource until AXAML localization mapping is verified.
GCSViews/ConfigurationView/ConfigAC_Fence.resx	resx	retain		Preserve neutral/culture resource until AXAML localization mapping is verified.
GCSViews/ConfigurationView/ConfigAC_Fence.ru-KZ.resx	resx	retain		Preserve neutral/culture resource until AXAML localization mapping is verified.
GCSViews/ConfigurationView/ConfigAC_Fence.tr.resx	resx	retain		Preserve neutral/culture resource until AXAML localization mapping is verified.
GCSViews/ConfigurationView/ConfigAC_Fence.uk.resx	resx	retain		Preserve neutral/culture resource until AXAML localization mapping is verified.
GCSViews/ConfigurationView/ConfigAC_Fence.zh-Hans.resx	resx	retain		Preserve neutral/culture resource until AXAML localization mapping is verified.
GCSViews/ConfigurationView/ConfigAC_Fence.zh-Hant.resx	resx	retain		Preserve neutral/culture resource until AXAML localization mapping is verified.
GCSViews/ConfigurationView/ConfigAC_Fence.zh-TW.resx	resx	retain		Preserve neutral/culture resource until AXAML localization mapping is verified.
GCSViews/ConfigurationView/ConfigADSB.Designer.cs	csharp	replace	GCSViews/ConfigurationView/ConfigADSBView.axaml;ViewModels/GCSViews/ConfigurationView/ConfigADSBViewModel.cs	Mapped to the listed native Avalonia artifacts; feature-level parity and deliberate safety differences are recorded in Porting/Reference/PORT_STATUS.md.
GCSViews/ConfigurationView/ConfigADSB.cs	csharp	replace	GCSViews/ConfigurationView/ConfigADSBView.axaml;ViewModels/GCSViews/ConfigurationView/ConfigADSBViewModel.cs	Mapped to the listed native Avalonia artifacts; feature-level parity and deliberate safety differences are recorded in Porting/Reference/PORT_STATUS.md.
GCSViews/ConfigurationView/ConfigADSB.fr.resx	resx	retain		Preserve neutral/culture resource until AXAML localization mapping is verified.
GCSViews/ConfigurationView/ConfigADSB.ko-KR.resx	resx	retain		Preserve neutral/culture resource until AXAML localization mapping is verified.
GCSViews/ConfigurationView/ConfigADSB.resx	resx	retain		Preserve neutral/culture resource until AXAML localization mapping is verified.
GCSViews/ConfigurationView/ConfigADSB.uk.resx	resx	retain		Preserve neutral/culture resource until AXAML localization mapping is verified.
GCSViews/ConfigurationView/ConfigAccelerometerCalibration.Designer.cs	csharp	replace	GCSViews/ConfigurationView/ConfigAccelCalibrationView.axaml;ViewModels/GCSViews/ConfigurationView/ConfigCalibrationPages.cs	Mapped to the listed native Avalonia artifacts; feature-level parity and deliberate safety differences are recorded in Porting/Reference/PORT_STATUS.md.
GCSViews/ConfigurationView/ConfigAccelerometerCalibration.ar.resx	resx	retain		Preserve neutral/culture resource until AXAML localization mapping is verified.
GCSViews/ConfigurationView/ConfigAccelerometerCalibration.az-Latn-AZ.resx	resx	retain		Preserve neutral/culture resource until AXAML localization mapping is verified.
GCSViews/ConfigurationView/ConfigAccelerometerCalibration.cs	csharp	replace	GCSViews/ConfigurationView/ConfigAccelCalibrationView.axaml;ViewModels/GCSViews/ConfigurationView/ConfigCalibrationPages.cs	Mapped to the listed native Avalonia artifacts; feature-level parity and deliberate safety differences are recorded in Porting/Reference/PORT_STATUS.md.
GCSViews/ConfigurationView/ConfigAccelerometerCalibration.de-DE.resx	resx	retain		Preserve neutral/culture resource until AXAML localization mapping is verified.
GCSViews/ConfigurationView/ConfigAccelerometerCalibration.es-ES.resx	resx	retain		Preserve neutral/culture resource until AXAML localization mapping is verified.
GCSViews/ConfigurationView/ConfigAccelerometerCalibration.fr.resx	resx	retain		Preserve neutral/culture resource until AXAML localization mapping is verified.
GCSViews/ConfigurationView/ConfigAccelerometerCalibration.id-ID.resx	resx	retain		Preserve neutral/culture resource until AXAML localization mapping is verified.
GCSViews/ConfigurationView/ConfigAccelerometerCalibration.it-IT.resx	resx	retain		Preserve neutral/culture resource until AXAML localization mapping is verified.
GCSViews/ConfigurationView/ConfigAccelerometerCalibration.ko-KR.resx	resx	retain		Preserve neutral/culture resource until AXAML localization mapping is verified.
GCSViews/ConfigurationView/ConfigAccelerometerCalibration.pl.resx	resx	retain		Preserve neutral/culture resource until AXAML localization mapping is verified.
GCSViews/ConfigurationView/ConfigAccelerometerCalibration.pt.resx	resx	retain		Preserve neutral/culture resource until AXAML localization mapping is verified.
GCSViews/ConfigurationView/ConfigAccelerometerCalibration.resx	resx	retain		Preserve neutral/culture resource until AXAML localization mapping is verified.
GCSViews/ConfigurationView/ConfigAccelerometerCalibration.ru-KZ.resx	resx	retain		Preserve neutral/culture resource until AXAML localization mapping is verified.
GCSViews/ConfigurationView/ConfigAccelerometerCalibration.tr.resx	resx	retain		Preserve neutral/culture resource until AXAML localization mapping is verified.
GCSViews/ConfigurationView/ConfigAccelerometerCalibration.uk.resx	resx	retain		Preserve neutral/culture resource until AXAML localization mapping is verified.
GCSViews/ConfigurationView/ConfigAccelerometerCalibration.zh-Hans.resx	resx	retain		Preserve neutral/culture resource until AXAML localization mapping is verified.
GCSViews/ConfigurationView/ConfigAccelerometerCalibration.zh-Hant.resx	resx	retain		Preserve neutral/culture resource until AXAML localization mapping is verified.
GCSViews/ConfigurationView/ConfigAccelerometerCalibration.zh-TW.resx	resx	retain		Preserve neutral/culture resource until AXAML localization mapping is verified.
GCSViews/ConfigurationView/ConfigAdvanced.Designer.cs	csharp	replace	Views/ActionPageView.axaml;ViewModels/GCSViews/ConfigurationView/ConfigAdvancedViewModel.cs	Mapped to the listed native Avalonia artifacts; feature-level parity and deliberate safety differences are recorded in Porting/Reference/PORT_STATUS.md.
GCSViews/ConfigurationView/ConfigAdvanced.cs	csharp	replace	Views/ActionPageView.axaml;ViewModels/GCSViews/ConfigurationView/ConfigAdvancedViewModel.cs	Mapped to the listed native Avalonia artifacts; feature-level parity and deliberate safety differences are recorded in Porting/Reference/PORT_STATUS.md.
GCSViews/ConfigurationView/ConfigAdvanced.ko-KR.resx	resx	retain		Preserve neutral/culture resource until AXAML localization mapping is verified.
GCSViews/ConfigurationView/ConfigAdvanced.resx	resx	retain		Preserve neutral/culture resource until AXAML localization mapping is verified.
GCSViews/ConfigurationView/ConfigAdvanced.uk.resx	resx	retain		Preserve neutral/culture resource until AXAML localization mapping is verified.
GCSViews/ConfigurationView/ConfigAntennaTracker.Designer.cs	csharp	replace	GCSViews/ConfigurationView/ConfigAntennaTrackerParamView.axaml;ViewModels/GCSViews/ConfigurationView/ConfigAntennaTrackerParamViewModel.cs;GCSViews/ConfigurationView/ConfigAntennaTrackerView.axaml;ViewModels/GCSViews/ConfigurationView/ConfigAntennaTrackerViewModel.cs	Mapped to the listed native Avalonia artifacts; feature-level parity and deliberate safety differences are recorded in Porting/Reference/PORT_STATUS.md.
GCSViews/ConfigurationView/ConfigAntennaTracker.ar.resx	resx	retain		Preserve neutral/culture resource until AXAML localization mapping is verified.
GCSViews/ConfigurationView/ConfigAntennaTracker.az-Latn-AZ.resx	resx	retain		Preserve neutral/culture resource until AXAML localization mapping is verified.
GCSViews/ConfigurationView/ConfigAntennaTracker.cs	csharp	replace	GCSViews/ConfigurationView/ConfigAntennaTrackerParamView.axaml;ViewModels/GCSViews/ConfigurationView/ConfigAntennaTrackerParamViewModel.cs;GCSViews/ConfigurationView/ConfigAntennaTrackerView.axaml;ViewModels/GCSViews/ConfigurationView/ConfigAntennaTrackerViewModel.cs	Mapped to the listed native Avalonia artifacts; feature-level parity and deliberate safety differences are recorded in Porting/Reference/PORT_STATUS.md.
GCSViews/ConfigurationView/ConfigAntennaTracker.de-DE.resx	resx	retain		Preserve neutral/culture resource until AXAML localization mapping is verified.
GCSViews/ConfigurationView/ConfigAntennaTracker.id-ID.resx	resx	retain		Preserve neutral/culture resource until AXAML localization mapping is verified.
GCSViews/ConfigurationView/ConfigAntennaTracker.ja-JP.resx	resx	retain		Preserve neutral/culture resource until AXAML localization mapping is verified.
GCSViews/ConfigurationView/ConfigAntennaTracker.ko-KR.resx	resx	retain		Preserve neutral/culture resource until AXAML localization mapping is verified.
GCSViews/ConfigurationView/ConfigAntennaTracker.pt.resx	resx	retain		Preserve neutral/culture resource until AXAML localization mapping is verified.
GCSViews/ConfigurationView/ConfigAntennaTracker.resx	resx	retain		Preserve neutral/culture resource until AXAML localization mapping is verified.
GCSViews/ConfigurationView/ConfigAntennaTracker.ru-KZ.resx	resx	retain		Preserve neutral/culture resource until AXAML localization mapping is verified.
GCSViews/ConfigurationView/ConfigAntennaTracker.tr.resx	resx	retain		Preserve neutral/culture resource until AXAML localization mapping is verified.
GCSViews/ConfigurationView/ConfigAntennaTracker.uk.resx	resx	retain		Preserve neutral/culture resource until AXAML localization mapping is verified.
GCSViews/ConfigurationView/ConfigArducopter.Designer.cs	csharp	replace	GCSViews/ConfigurationView/ConfigBasicTuningView.axaml;ViewModels/GCSViews/ConfigurationView/ConfigBasicTuningViewModel.cs	Mapped to the listed native Avalonia artifacts; feature-level parity and deliberate safety differences are recorded in Porting/Reference/PORT_STATUS.md.
GCSViews/ConfigurationView/ConfigArducopter.ar.resx	resx	retain		Preserve neutral/culture resource until AXAML localization mapping is verified.
GCSViews/ConfigurationView/ConfigArducopter.az-Latn-AZ.resx	resx	retain		Preserve neutral/culture resource until AXAML localization mapping is verified.
GCSViews/ConfigurationView/ConfigArducopter.cs	csharp	replace	GCSViews/ConfigurationView/ConfigBasicTuningView.axaml;ViewModels/GCSViews/ConfigurationView/ConfigBasicTuningViewModel.cs	Mapped to the listed native Avalonia artifacts; feature-level parity and deliberate safety differences are recorded in Porting/Reference/PORT_STATUS.md.
GCSViews/ConfigurationView/ConfigArducopter.de-DE.resx	resx	retain		Preserve neutral/culture resource until AXAML localization mapping is verified.
GCSViews/ConfigurationView/ConfigArducopter.fr.resx	resx	retain		Preserve neutral/culture resource until AXAML localization mapping is verified.
GCSViews/ConfigurationView/ConfigArducopter.id-ID.resx	resx	retain		Preserve neutral/culture resource until AXAML localization mapping is verified.
GCSViews/ConfigurationView/ConfigArducopter.it-IT.resx	resx	retain		Preserve neutral/culture resource until AXAML localization mapping is verified.
GCSViews/ConfigurationView/ConfigArducopter.ja-JP.resx	resx	retain		Preserve neutral/culture resource until AXAML localization mapping is verified.
GCSViews/ConfigurationView/ConfigArducopter.ko-KR.resx	resx	retain		Preserve neutral/culture resource until AXAML localization mapping is verified.
GCSViews/ConfigurationView/ConfigArducopter.pt.resx	resx	retain		Preserve neutral/culture resource until AXAML localization mapping is verified.
GCSViews/ConfigurationView/ConfigArducopter.resx	resx	retain		Preserve neutral/culture resource until AXAML localization mapping is verified.
GCSViews/ConfigurationView/ConfigArducopter.ru-KZ.resx	resx	retain		Preserve neutral/culture resource until AXAML localization mapping is verified.
GCSViews/ConfigurationView/ConfigArducopter.tr.resx	resx	retain		Preserve neutral/culture resource until AXAML localization mapping is verified.
GCSViews/ConfigurationView/ConfigArducopter.uk.resx	resx	retain		Preserve neutral/culture resource until AXAML localization mapping is verified.
GCSViews/ConfigurationView/ConfigArducopter.zh-Hans.resx	resx	retain		Preserve neutral/culture resource until AXAML localization mapping is verified.
GCSViews/ConfigurationView/ConfigArducopter.zh-Hant.resx	resx	retain		Preserve neutral/culture resource until AXAML localization mapping is verified.
GCSViews/ConfigurationView/ConfigArducopter.zh-TW.resx	resx	retain		Preserve neutral/culture resource until AXAML localization mapping is verified.
GCSViews/ConfigurationView/ConfigArduplane.Designer.cs	csharp	replace	GCSViews/ConfigurationView/ConfigArduplaneView.axaml;ViewModels/GCSViews/ConfigurationView/ConfigArduplaneViewModel.cs	Mapped to the listed native Avalonia artifacts; feature-level parity and deliberate safety differences are recorded in Porting/Reference/PORT_STATUS.md.
GCSViews/ConfigurationView/ConfigArduplane.ar.resx	resx	retain		Preserve neutral/culture resource until AXAML localization mapping is verified.
GCSViews/ConfigurationView/ConfigArduplane.az-Latn-AZ.resx	resx	retain		Preserve neutral/culture resource until AXAML localization mapping is verified.
GCSViews/ConfigurationView/ConfigArduplane.cs	csharp	replace	GCSViews/ConfigurationView/ConfigArduplaneView.axaml;ViewModels/GCSViews/ConfigurationView/ConfigArduplaneViewModel.cs	Mapped to the listed native Avalonia artifacts; feature-level parity and deliberate safety differences are recorded in Porting/Reference/PORT_STATUS.md.
GCSViews/ConfigurationView/ConfigArduplane.de-DE.resx	resx	retain		Preserve neutral/culture resource until AXAML localization mapping is verified.
GCSViews/ConfigurationView/ConfigArduplane.fr.resx	resx	retain		Preserve neutral/culture resource until AXAML localization mapping is verified.
GCSViews/ConfigurationView/ConfigArduplane.id-ID.resx	resx	retain		Preserve neutral/culture resource until AXAML localization mapping is verified.
GCSViews/ConfigurationView/ConfigArduplane.it-IT.resx	resx	retain		Preserve neutral/culture resource until AXAML localization mapping is verified.
GCSViews/ConfigurationView/ConfigArduplane.ja-JP.resx	resx	retain		Preserve neutral/culture resource until AXAML localization mapping is verified.
GCSViews/ConfigurationView/ConfigArduplane.ko-KR.resx	resx	retain		Preserve neutral/culture resource until AXAML localization mapping is verified.
GCSViews/ConfigurationView/ConfigArduplane.pt.resx	resx	retain		Preserve neutral/culture resource until AXAML localization mapping is verified.
GCSViews/ConfigurationView/ConfigArduplane.resx	resx	retain		Preserve neutral/culture resource until AXAML localization mapping is verified.
GCSViews/ConfigurationView/ConfigArduplane.ru-KZ.resx	resx	retain		Preserve neutral/culture resource until AXAML localization mapping is verified.
GCSViews/ConfigurationView/ConfigArduplane.tr.resx	resx	retain		Preserve neutral/culture resource until AXAML localization mapping is verified.
GCSViews/ConfigurationView/ConfigArduplane.uk.resx	resx	retain		Preserve neutral/culture resource until AXAML localization mapping is verified.
GCSViews/ConfigurationView/ConfigArduplane.zh-Hans.resx	resx	retain		Preserve neutral/culture resource until AXAML localization mapping is verified.
GCSViews/ConfigurationView/ConfigArduplane.zh-Hant.resx	resx	retain		Preserve neutral/culture resource until AXAML localization mapping is verified.
GCSViews/ConfigurationView/ConfigArduplane.zh-TW.resx	resx	retain		Preserve neutral/culture resource until AXAML localization mapping is verified.
GCSViews/ConfigurationView/ConfigArdurover.Designer.cs	csharp	replace	GCSViews/ConfigurationView/ConfigArduroverView.axaml;ViewModels/GCSViews/ConfigurationView/ConfigArduroverViewModel.cs	Mapped to the listed native Avalonia artifacts; feature-level parity and deliberate safety differences are recorded in Porting/Reference/PORT_STATUS.md.
GCSViews/ConfigurationView/ConfigArdurover.ar.resx	resx	retain		Preserve neutral/culture resource until AXAML localization mapping is verified.
GCSViews/ConfigurationView/ConfigArdurover.az-Latn-AZ.resx	resx	retain		Preserve neutral/culture resource until AXAML localization mapping is verified.
GCSViews/ConfigurationView/ConfigArdurover.cs	csharp	replace	GCSViews/ConfigurationView/ConfigArduroverView.axaml;ViewModels/GCSViews/ConfigurationView/ConfigArduroverViewModel.cs	Mapped to the listed native Avalonia artifacts; feature-level parity and deliberate safety differences are recorded in Porting/Reference/PORT_STATUS.md.
GCSViews/ConfigurationView/ConfigArdurover.de-DE.resx	resx	retain		Preserve neutral/culture resource until AXAML localization mapping is verified.
GCSViews/ConfigurationView/ConfigArdurover.fr.resx	resx	retain		Preserve neutral/culture resource until AXAML localization mapping is verified.
GCSViews/ConfigurationView/ConfigArdurover.id-ID.resx	resx	retain		Preserve neutral/culture resource until AXAML localization mapping is verified.
GCSViews/ConfigurationView/ConfigArdurover.it-IT.resx	resx	retain		Preserve neutral/culture resource until AXAML localization mapping is verified.
GCSViews/ConfigurationView/ConfigArdurover.ja-JP.resx	resx	retain		Preserve neutral/culture resource until AXAML localization mapping is verified.
GCSViews/ConfigurationView/ConfigArdurover.ko-KR.resx	resx	retain		Preserve neutral/culture resource until AXAML localization mapping is verified.
GCSViews/ConfigurationView/ConfigArdurover.pt.resx	resx	retain		Preserve neutral/culture resource until AXAML localization mapping is verified.
GCSViews/ConfigurationView/ConfigArdurover.resx	resx	retain		Preserve neutral/culture resource until AXAML localization mapping is verified.
GCSViews/ConfigurationView/ConfigArdurover.ru-KZ.resx	resx	retain		Preserve neutral/culture resource until AXAML localization mapping is verified.
GCSViews/ConfigurationView/ConfigArdurover.tr.resx	resx	retain		Preserve neutral/culture resource until AXAML localization mapping is verified.
GCSViews/ConfigurationView/ConfigArdurover.uk.resx	resx	retain		Preserve neutral/culture resource until AXAML localization mapping is verified.
GCSViews/ConfigurationView/ConfigArdurover.zh-Hans.resx	resx	retain		Preserve neutral/culture resource until AXAML localization mapping is verified.
GCSViews/ConfigurationView/ConfigAteryx.Designer.cs	csharp	remove	Porting/Reference/PORT_STATUS.md	Ateryx-specific setup is retired with the legacy Ateryx HIL path; PORT_STATUS records SITL as its supported replacement.
GCSViews/ConfigurationView/ConfigAteryx.ar.resx	resx	retain		Preserve neutral/culture resource until AXAML localization mapping is verified.
GCSViews/ConfigurationView/ConfigAteryx.az-Latn-AZ.resx	resx	retain		Preserve neutral/culture resource until AXAML localization mapping is verified.
GCSViews/ConfigurationView/ConfigAteryx.cs	csharp	remove	Porting/Reference/PORT_STATUS.md	Ateryx-specific setup is retired with the legacy Ateryx HIL path; PORT_STATUS records SITL as its supported replacement.
GCSViews/ConfigurationView/ConfigAteryx.de-DE.resx	resx	retain		Preserve neutral/culture resource until AXAML localization mapping is verified.
GCSViews/ConfigurationView/ConfigAteryx.fr.resx	resx	retain		Preserve neutral/culture resource until AXAML localization mapping is verified.
GCSViews/ConfigurationView/ConfigAteryx.id-ID.resx	resx	retain		Preserve neutral/culture resource until AXAML localization mapping is verified.
GCSViews/ConfigurationView/ConfigAteryx.it-IT.resx	resx	retain		Preserve neutral/culture resource until AXAML localization mapping is verified.
GCSViews/ConfigurationView/ConfigAteryx.ja-JP.resx	resx	retain		Preserve neutral/culture resource until AXAML localization mapping is verified.
GCSViews/ConfigurationView/ConfigAteryx.ko-KR.resx	resx	retain		Preserve neutral/culture resource until AXAML localization mapping is verified.
GCSViews/ConfigurationView/ConfigAteryx.pt.resx	resx	retain		Preserve neutral/culture resource until AXAML localization mapping is verified.
GCSViews/ConfigurationView/ConfigAteryx.resx	resx	retain		Preserve neutral/culture resource until AXAML localization mapping is verified.
GCSViews/ConfigurationView/ConfigAteryx.ru-KZ.resx	resx	retain		Preserve neutral/culture resource until AXAML localization mapping is verified.
GCSViews/ConfigurationView/ConfigAteryx.tr.resx	resx	retain		Preserve neutral/culture resource until AXAML localization mapping is verified.
GCSViews/ConfigurationView/ConfigAteryx.uk.resx	resx	retain		Preserve neutral/culture resource until AXAML localization mapping is verified.
GCSViews/ConfigurationView/ConfigAteryx.zh-Hans.resx	resx	retain		Preserve neutral/culture resource until AXAML localization mapping is verified.
GCSViews/ConfigurationView/ConfigAteryxSensors.Designer.cs	csharp	remove	Porting/Reference/PORT_STATUS.md	Ateryx-specific sensor setup is retired with the legacy Ateryx HIL path; PORT_STATUS records SITL as its supported replacement.
GCSViews/ConfigurationView/ConfigAteryxSensors.ar.resx	resx	retain		Preserve neutral/culture resource until AXAML localization mapping is verified.
GCSViews/ConfigurationView/ConfigAteryxSensors.az-Latn-AZ.resx	resx	retain		Preserve neutral/culture resource until AXAML localization mapping is verified.
GCSViews/ConfigurationView/ConfigAteryxSensors.cs	csharp	remove	Porting/Reference/PORT_STATUS.md	Ateryx-specific sensor setup is retired with the legacy Ateryx HIL path; PORT_STATUS records SITL as its supported replacement.
GCSViews/ConfigurationView/ConfigAteryxSensors.de-DE.resx	resx	retain		Preserve neutral/culture resource until AXAML localization mapping is verified.
GCSViews/ConfigurationView/ConfigAteryxSensors.es-ES.resx	resx	retain		Preserve neutral/culture resource until AXAML localization mapping is verified.
GCSViews/ConfigurationView/ConfigAteryxSensors.fr.resx	resx	retain		Preserve neutral/culture resource until AXAML localization mapping is verified.
GCSViews/ConfigurationView/ConfigAteryxSensors.id-ID.resx	resx	retain		Preserve neutral/culture resource until AXAML localization mapping is verified.
GCSViews/ConfigurationView/ConfigAteryxSensors.it-IT.resx	resx	retain		Preserve neutral/culture resource until AXAML localization mapping is verified.
GCSViews/ConfigurationView/ConfigAteryxSensors.ja-JP.resx	resx	retain		Preserve neutral/culture resource until AXAML localization mapping is verified.
GCSViews/ConfigurationView/ConfigAteryxSensors.ko-KR.resx	resx	retain		Preserve neutral/culture resource until AXAML localization mapping is verified.
GCSViews/ConfigurationView/ConfigAteryxSensors.pl.resx	resx	retain		Preserve neutral/culture resource until AXAML localization mapping is verified.
GCSViews/ConfigurationView/ConfigAteryxSensors.pt.resx	resx	retain		Preserve neutral/culture resource until AXAML localization mapping is verified.
GCSViews/ConfigurationView/ConfigAteryxSensors.resx	resx	retain		Preserve neutral/culture resource until AXAML localization mapping is verified.
GCSViews/ConfigurationView/ConfigAteryxSensors.ru-KZ.resx	resx	retain		Preserve neutral/culture resource until AXAML localization mapping is verified.
GCSViews/ConfigurationView/ConfigAteryxSensors.tr.resx	resx	retain		Preserve neutral/culture resource until AXAML localization mapping is verified.
GCSViews/ConfigurationView/ConfigAteryxSensors.uk.resx	resx	retain		Preserve neutral/culture resource until AXAML localization mapping is verified.
GCSViews/ConfigurationView/ConfigAteryxSensors.zh-Hans.resx	resx	retain		Preserve neutral/culture resource until AXAML localization mapping is verified.
GCSViews/ConfigurationView/ConfigAteryxSensors.zh-Hant.resx	resx	retain		Preserve neutral/culture resource until AXAML localization mapping is verified.
GCSViews/ConfigurationView/ConfigAteryxSensors.zh-TW.resx	resx	retain		Preserve neutral/culture resource until AXAML localization mapping is verified.
GCSViews/ConfigurationView/ConfigBatteryMonitoring.Designer.cs	csharp	replace	GCSViews/ConfigurationView/ConfigBatteryMonitoringView.axaml;ViewModels/GCSViews/ConfigurationView/ConfigBatteryMonitoringViewModel.cs	Mapped to the listed native Avalonia artifacts; feature-level parity and deliberate safety differences are recorded in Porting/Reference/PORT_STATUS.md.
GCSViews/ConfigurationView/ConfigBatteryMonitoring.ar.resx	resx	retain		Preserve neutral/culture resource until AXAML localization mapping is verified.
GCSViews/ConfigurationView/ConfigBatteryMonitoring.az-Latn-AZ.resx	resx	retain		Preserve neutral/culture resource until AXAML localization mapping is verified.
GCSViews/ConfigurationView/ConfigBatteryMonitoring.cs	csharp	replace	GCSViews/ConfigurationView/ConfigBatteryMonitoringView.axaml;ViewModels/GCSViews/ConfigurationView/ConfigBatteryMonitoringViewModel.cs	Mapped to the listed native Avalonia artifacts; feature-level parity and deliberate safety differences are recorded in Porting/Reference/PORT_STATUS.md.
GCSViews/ConfigurationView/ConfigBatteryMonitoring.de-DE.resx	resx	retain		Preserve neutral/culture resource until AXAML localization mapping is verified.
GCSViews/ConfigurationView/ConfigBatteryMonitoring.es-ES.resx	resx	retain		Preserve neutral/culture resource until AXAML localization mapping is verified.
GCSViews/ConfigurationView/ConfigBatteryMonitoring.fr.resx	resx	retain		Preserve neutral/culture resource until AXAML localization mapping is verified.
GCSViews/ConfigurationView/ConfigBatteryMonitoring.id-ID.resx	resx	retain		Preserve neutral/culture resource until AXAML localization mapping is verified.
GCSViews/ConfigurationView/ConfigBatteryMonitoring.it-IT.resx	resx	retain		Preserve neutral/culture resource until AXAML localization mapping is verified.
GCSViews/ConfigurationView/ConfigBatteryMonitoring.ja-JP.resx	resx	retain		Preserve neutral/culture resource until AXAML localization mapping is verified.
GCSViews/ConfigurationView/ConfigBatteryMonitoring.ko-KR.resx	resx	retain		Preserve neutral/culture resource until AXAML localization mapping is verified.
GCSViews/ConfigurationView/ConfigBatteryMonitoring.pl.resx	resx	retain		Preserve neutral/culture resource until AXAML localization mapping is verified.
GCSViews/ConfigurationView/ConfigBatteryMonitoring.pt.resx	resx	retain		Preserve neutral/culture resource until AXAML localization mapping is verified.
GCSViews/ConfigurationView/ConfigBatteryMonitoring.resx	resx	retain		Preserve neutral/culture resource until AXAML localization mapping is verified.
GCSViews/ConfigurationView/ConfigBatteryMonitoring.ru-KZ.resx	resx	retain		Preserve neutral/culture resource until AXAML localization mapping is verified.
GCSViews/ConfigurationView/ConfigBatteryMonitoring.tr.resx	resx	retain		Preserve neutral/culture resource until AXAML localization mapping is verified.
GCSViews/ConfigurationView/ConfigBatteryMonitoring.uk.resx	resx	retain		Preserve neutral/culture resource until AXAML localization mapping is verified.
GCSViews/ConfigurationView/ConfigBatteryMonitoring.zh-Hans.resx	resx	retain		Preserve neutral/culture resource until AXAML localization mapping is verified.
GCSViews/ConfigurationView/ConfigBatteryMonitoring.zh-Hant.resx	resx	retain		Preserve neutral/culture resource until AXAML localization mapping is verified.
GCSViews/ConfigurationView/ConfigBatteryMonitoring.zh-TW.resx	resx	retain		Preserve neutral/culture resource until AXAML localization mapping is verified.
GCSViews/ConfigurationView/ConfigBatteryMonitoring2.Designer.cs	csharp	replace	GCSViews/ConfigurationView/ConfigBatteryMonitoring2View.axaml;ViewModels/GCSViews/ConfigurationView/ConfigBatteryMonitoring2ViewModel.cs	Mapped to the listed native Avalonia artifacts; feature-level parity and deliberate safety differences are recorded in Porting/Reference/PORT_STATUS.md.
GCSViews/ConfigurationView/ConfigBatteryMonitoring2.ar.resx	resx	retain		Preserve neutral/culture resource until AXAML localization mapping is verified.
GCSViews/ConfigurationView/ConfigBatteryMonitoring2.az-Latn-AZ.resx	resx	retain		Preserve neutral/culture resource until AXAML localization mapping is verified.
GCSViews/ConfigurationView/ConfigBatteryMonitoring2.cs	csharp	replace	GCSViews/ConfigurationView/ConfigBatteryMonitoring2View.axaml;ViewModels/GCSViews/ConfigurationView/ConfigBatteryMonitoring2ViewModel.cs	Mapped to the listed native Avalonia artifacts; feature-level parity and deliberate safety differences are recorded in Porting/Reference/PORT_STATUS.md.
GCSViews/ConfigurationView/ConfigBatteryMonitoring2.de-DE.resx	resx	retain		Preserve neutral/culture resource until AXAML localization mapping is verified.
GCSViews/ConfigurationView/ConfigBatteryMonitoring2.es-ES.resx	resx	retain		Preserve neutral/culture resource until AXAML localization mapping is verified.
GCSViews/ConfigurationView/ConfigBatteryMonitoring2.fr.resx	resx	retain		Preserve neutral/culture resource until AXAML localization mapping is verified.
GCSViews/ConfigurationView/ConfigBatteryMonitoring2.id-ID.resx	resx	retain		Preserve neutral/culture resource until AXAML localization mapping is verified.
GCSViews/ConfigurationView/ConfigBatteryMonitoring2.it-IT.resx	resx	retain		Preserve neutral/culture resource until AXAML localization mapping is verified.
GCSViews/ConfigurationView/ConfigBatteryMonitoring2.ja-JP.resx	resx	retain		Preserve neutral/culture resource until AXAML localization mapping is verified.
GCSViews/ConfigurationView/ConfigBatteryMonitoring2.ko-KR.resx	resx	retain		Preserve neutral/culture resource until AXAML localization mapping is verified.
GCSViews/ConfigurationView/ConfigBatteryMonitoring2.pl.resx	resx	retain		Preserve neutral/culture resource until AXAML localization mapping is verified.
GCSViews/ConfigurationView/ConfigBatteryMonitoring2.pt.resx	resx	retain		Preserve neutral/culture resource until AXAML localization mapping is verified.
GCSViews/ConfigurationView/ConfigBatteryMonitoring2.resx	resx	retain		Preserve neutral/culture resource until AXAML localization mapping is verified.
GCSViews/ConfigurationView/ConfigBatteryMonitoring2.ru-KZ.resx	resx	retain		Preserve neutral/culture resource until AXAML localization mapping is verified.
GCSViews/ConfigurationView/ConfigBatteryMonitoring2.tr.resx	resx	retain		Preserve neutral/culture resource until AXAML localization mapping is verified.
GCSViews/ConfigurationView/ConfigBatteryMonitoring2.uk.resx	resx	retain		Preserve neutral/culture resource until AXAML localization mapping is verified.
GCSViews/ConfigurationView/ConfigBatteryMonitoring2.zh-Hans.resx	resx	retain		Preserve neutral/culture resource until AXAML localization mapping is verified.
GCSViews/ConfigurationView/ConfigBatteryMonitoring2.zh-Hant.resx	resx	retain		Preserve neutral/culture resource until AXAML localization mapping is verified.
GCSViews/ConfigurationView/ConfigBatteryMonitoring2.zh-TW.resx	resx	retain		Preserve neutral/culture resource until AXAML localization mapping is verified.
GCSViews/ConfigurationView/ConfigCompassMot.Designer.cs	csharp	replace	GCSViews/ConfigurationView/ConfigCompassMotView.axaml;ViewModels/GCSViews/ConfigurationView/ConfigCompassMotViewModel.cs	Mapped to the listed native Avalonia artifacts; feature-level parity and deliberate safety differences are recorded in Porting/Reference/PORT_STATUS.md.
GCSViews/ConfigurationView/ConfigCompassMot.cs	csharp	replace	GCSViews/ConfigurationView/ConfigCompassMotView.axaml;ViewModels/GCSViews/ConfigurationView/ConfigCompassMotViewModel.cs	Mapped to the listed native Avalonia artifacts; feature-level parity and deliberate safety differences are recorded in Porting/Reference/PORT_STATUS.md.
GCSViews/ConfigurationView/ConfigCompassMot.resx	resx	retain		Preserve neutral/culture resource until AXAML localization mapping is verified.
GCSViews/ConfigurationView/ConfigCubeID.Designer.cs	csharp	replace	GCSViews/ConfigurationView/ConfigCubeIDView.axaml;ViewModels/GCSViews/ConfigurationView/ConfigCubeIDViewModel.cs	Mapped to the listed native Avalonia artifacts; feature-level parity and deliberate safety differences are recorded in Porting/Reference/PORT_STATUS.md.
GCSViews/ConfigurationView/ConfigCubeID.cs	csharp	replace	GCSViews/ConfigurationView/ConfigCubeIDView.axaml;ViewModels/GCSViews/ConfigurationView/ConfigCubeIDViewModel.cs	Mapped to the listed native Avalonia artifacts; feature-level parity and deliberate safety differences are recorded in Porting/Reference/PORT_STATUS.md.
GCSViews/ConfigurationView/ConfigCubeID.resx	resx	retain		Preserve neutral/culture resource until AXAML localization mapping is verified.
GCSViews/ConfigurationView/ConfigDroneCAN.Designer.cs	csharp	replace	GCSViews/ConfigurationView/ConfigDroneCanView.axaml;ViewModels/GCSViews/ConfigurationView/ConfigDroneCanViewModel.cs	Mapped to the listed native Avalonia artifacts; feature-level parity and deliberate safety differences are recorded in Porting/Reference/PORT_STATUS.md.
GCSViews/ConfigurationView/ConfigDroneCAN.cs	csharp	replace	GCSViews/ConfigurationView/ConfigDroneCanView.axaml;ViewModels/GCSViews/ConfigurationView/ConfigDroneCanViewModel.cs	Mapped to the listed native Avalonia artifacts; feature-level parity and deliberate safety differences are recorded in Porting/Reference/PORT_STATUS.md.
GCSViews/ConfigurationView/ConfigDroneCAN.resx	resx	retain		Preserve neutral/culture resource until AXAML localization mapping is verified.
GCSViews/ConfigurationView/ConfigESCCalibration.Designer.cs	csharp	replace	GCSViews/ConfigurationView/ConfigESCCalibrationView.axaml;ViewModels/GCSViews/ConfigurationView/ConfigCalibrationPages.cs	Mapped to the listed native Avalonia artifacts; feature-level parity and deliberate safety differences are recorded in Porting/Reference/PORT_STATUS.md.
GCSViews/ConfigurationView/ConfigESCCalibration.ar.resx	resx	retain		Preserve neutral/culture resource until AXAML localization mapping is verified.
GCSViews/ConfigurationView/ConfigESCCalibration.az-Latn-AZ.resx	resx	retain		Preserve neutral/culture resource until AXAML localization mapping is verified.
GCSViews/ConfigurationView/ConfigESCCalibration.cs	csharp	replace	GCSViews/ConfigurationView/ConfigESCCalibrationView.axaml;ViewModels/GCSViews/ConfigurationView/ConfigCalibrationPages.cs	Mapped to the listed native Avalonia artifacts; feature-level parity and deliberate safety differences are recorded in Porting/Reference/PORT_STATUS.md.
GCSViews/ConfigurationView/ConfigESCCalibration.de-DE.resx	resx	retain		Preserve neutral/culture resource until AXAML localization mapping is verified.
GCSViews/ConfigurationView/ConfigESCCalibration.fr.resx	resx	retain		Preserve neutral/culture resource until AXAML localization mapping is verified.
GCSViews/ConfigurationView/ConfigESCCalibration.id-ID.resx	resx	retain		Preserve neutral/culture resource until AXAML localization mapping is verified.
GCSViews/ConfigurationView/ConfigESCCalibration.ko-KR.resx	resx	retain		Preserve neutral/culture resource until AXAML localization mapping is verified.
GCSViews/ConfigurationView/ConfigESCCalibration.pt.resx	resx	retain		Preserve neutral/culture resource until AXAML localization mapping is verified.
GCSViews/ConfigurationView/ConfigESCCalibration.resx	resx	retain		Preserve neutral/culture resource until AXAML localization mapping is verified.
GCSViews/ConfigurationView/ConfigESCCalibration.ru-KZ.resx	resx	retain		Preserve neutral/culture resource until AXAML localization mapping is verified.
GCSViews/ConfigurationView/ConfigESCCalibration.tr.resx	resx	retain		Preserve neutral/culture resource until AXAML localization mapping is verified.
GCSViews/ConfigurationView/ConfigESCCalibration.uk.resx	resx	retain		Preserve neutral/culture resource until AXAML localization mapping is verified.
GCSViews/ConfigurationView/ConfigESCCalibration.zh-Hans.resx	resx	retain		Preserve neutral/culture resource until AXAML localization mapping is verified.
GCSViews/ConfigurationView/ConfigFFT.cs	csharp	replace	GCSViews/ConfigurationView/ConfigFFTView.axaml;ViewModels/GCSViews/ConfigurationView/ConfigFFTViewModel.cs	Mapped to the listed native Avalonia artifacts; feature-level parity and deliberate safety differences are recorded in Porting/Reference/PORT_STATUS.md.
GCSViews/ConfigurationView/ConfigFFT.resx	resx	retain		Preserve neutral/culture resource until AXAML localization mapping is verified.
GCSViews/ConfigurationView/ConfigFailSafe.Designer.cs	csharp	replace	GCSViews/ConfigurationView/ConfigFailSafeView.axaml;ViewModels/GCSViews/ConfigurationView/ConfigFailSafeViewModel.cs	Mapped to the listed native Avalonia artifacts; feature-level parity and deliberate safety differences are recorded in Porting/Reference/PORT_STATUS.md.
GCSViews/ConfigurationView/ConfigFailSafe.ar.resx	resx	retain		Preserve neutral/culture resource until AXAML localization mapping is verified.
GCSViews/ConfigurationView/ConfigFailSafe.az-Latn-AZ.resx	resx	retain		Preserve neutral/culture resource until AXAML localization mapping is verified.
GCSViews/ConfigurationView/ConfigFailSafe.cs	csharp	replace	GCSViews/ConfigurationView/ConfigFailSafeView.axaml;ViewModels/GCSViews/ConfigurationView/ConfigFailSafeViewModel.cs	Mapped to the listed native Avalonia artifacts; feature-level parity and deliberate safety differences are recorded in Porting/Reference/PORT_STATUS.md.
GCSViews/ConfigurationView/ConfigFailSafe.de-DE.resx	resx	retain		Preserve neutral/culture resource until AXAML localization mapping is verified.
GCSViews/ConfigurationView/ConfigFailSafe.es-ES.resx	resx	retain		Preserve neutral/culture resource until AXAML localization mapping is verified.
GCSViews/ConfigurationView/ConfigFailSafe.fr.resx	resx	retain		Preserve neutral/culture resource until AXAML localization mapping is verified.
GCSViews/ConfigurationView/ConfigFailSafe.id-ID.resx	resx	retain		Preserve neutral/culture resource until AXAML localization mapping is verified.
GCSViews/ConfigurationView/ConfigFailSafe.it-IT.resx	resx	retain		Preserve neutral/culture resource until AXAML localization mapping is verified.
GCSViews/ConfigurationView/ConfigFailSafe.ja-JP.resx	resx	retain		Preserve neutral/culture resource until AXAML localization mapping is verified.
GCSViews/ConfigurationView/ConfigFailSafe.ko-KR.resx	resx	retain		Preserve neutral/culture resource until AXAML localization mapping is verified.
GCSViews/ConfigurationView/ConfigFailSafe.pl.resx	resx	retain		Preserve neutral/culture resource until AXAML localization mapping is verified.
GCSViews/ConfigurationView/ConfigFailSafe.pt.resx	resx	retain		Preserve neutral/culture resource until AXAML localization mapping is verified.
GCSViews/ConfigurationView/ConfigFailSafe.resx	resx	retain		Preserve neutral/culture resource until AXAML localization mapping is verified.
GCSViews/ConfigurationView/ConfigFailSafe.ru-KZ.resx	resx	retain		Preserve neutral/culture resource until AXAML localization mapping is verified.
GCSViews/ConfigurationView/ConfigFailSafe.tr.resx	resx	retain		Preserve neutral/culture resource until AXAML localization mapping is verified.
GCSViews/ConfigurationView/ConfigFailSafe.uk.resx	resx	retain		Preserve neutral/culture resource until AXAML localization mapping is verified.
GCSViews/ConfigurationView/ConfigFailSafe.zh-Hans.resx	resx	retain		Preserve neutral/culture resource until AXAML localization mapping is verified.
GCSViews/ConfigurationView/ConfigFailSafe.zh-Hant.resx	resx	retain		Preserve neutral/culture resource until AXAML localization mapping is verified.
GCSViews/ConfigurationView/ConfigFailSafe.zh-TW.resx	resx	retain		Preserve neutral/culture resource until AXAML localization mapping is verified.
GCSViews/ConfigurationView/ConfigFirmware.Designer.cs	csharp	replace	GCSViews/Setup/InstallFirmwareView.axaml;ViewModels/Setup/InstallFirmwareViewModel.cs;GCSViews/ConfigurationView/ConfigFirmwareLegacyView.axaml;ViewModels/GCSViews/ConfigurationView/ConfigFirmwareLegacyViewModel.cs	Mapped to the listed native Avalonia artifacts; feature-level parity and deliberate safety differences are recorded in Porting/Reference/PORT_STATUS.md.
GCSViews/ConfigurationView/ConfigFirmware.ar.resx	resx	retain		Preserve neutral/culture resource until AXAML localization mapping is verified.
GCSViews/ConfigurationView/ConfigFirmware.az-Latn-AZ.resx	resx	retain		Preserve neutral/culture resource until AXAML localization mapping is verified.
GCSViews/ConfigurationView/ConfigFirmware.cs	csharp	replace	GCSViews/Setup/InstallFirmwareView.axaml;ViewModels/Setup/InstallFirmwareViewModel.cs;GCSViews/ConfigurationView/ConfigFirmwareLegacyView.axaml;ViewModels/GCSViews/ConfigurationView/ConfigFirmwareLegacyViewModel.cs	Mapped to the listed native Avalonia artifacts; feature-level parity and deliberate safety differences are recorded in Porting/Reference/PORT_STATUS.md.
GCSViews/ConfigurationView/ConfigFirmware.de-DE.resx	resx	retain		Preserve neutral/culture resource until AXAML localization mapping is verified.
GCSViews/ConfigurationView/ConfigFirmware.es-ES.resx	resx	retain		Preserve neutral/culture resource until AXAML localization mapping is verified.
GCSViews/ConfigurationView/ConfigFirmware.fr.resx	resx	retain		Preserve neutral/culture resource until AXAML localization mapping is verified.
GCSViews/ConfigurationView/ConfigFirmware.id-ID.resx	resx	retain		Preserve neutral/culture resource until AXAML localization mapping is verified.
GCSViews/ConfigurationView/ConfigFirmware.it-IT.resx	resx	retain		Preserve neutral/culture resource until AXAML localization mapping is verified.
GCSViews/ConfigurationView/ConfigFirmware.ja-JP.resx	resx	retain		Preserve neutral/culture resource until AXAML localization mapping is verified.
GCSViews/ConfigurationView/ConfigFirmware.ko-KR.resx	resx	retain		Preserve neutral/culture resource until AXAML localization mapping is verified.
GCSViews/ConfigurationView/ConfigFirmware.pl.resx	resx	retain		Preserve neutral/culture resource until AXAML localization mapping is verified.
GCSViews/ConfigurationView/ConfigFirmware.pt.resx	resx	retain		Preserve neutral/culture resource until AXAML localization mapping is verified.
GCSViews/ConfigurationView/ConfigFirmware.resx	resx	retain		Preserve neutral/culture resource until AXAML localization mapping is verified.
GCSViews/ConfigurationView/ConfigFirmware.ru-KZ.resx	resx	retain		Preserve neutral/culture resource until AXAML localization mapping is verified.
GCSViews/ConfigurationView/ConfigFirmware.ru-RU.resx	resx	retain		Preserve neutral/culture resource until AXAML localization mapping is verified.
GCSViews/ConfigurationView/ConfigFirmware.tr.resx	resx	retain		Preserve neutral/culture resource until AXAML localization mapping is verified.
GCSViews/ConfigurationView/ConfigFirmware.uk.resx	resx	retain		Preserve neutral/culture resource until AXAML localization mapping is verified.
GCSViews/ConfigurationView/ConfigFirmware.zh-Hans.resx	resx	retain		Preserve neutral/culture resource until AXAML localization mapping is verified.
GCSViews/ConfigurationView/ConfigFirmware.zh-Hant.resx	resx	retain		Preserve neutral/culture resource until AXAML localization mapping is verified.
GCSViews/ConfigurationView/ConfigFirmware.zh-TW.resx	resx	retain		Preserve neutral/culture resource until AXAML localization mapping is verified.
GCSViews/ConfigurationView/ConfigFirmwareDisabled.Designer.cs	csharp	remove	Porting/Reference/PORT_STATUS.md	The Avalonia setup navigation hides unavailable firmware actions instead of opening a WinForms disabled-placeholder page.
GCSViews/ConfigurationView/ConfigFirmwareDisabled.ar.resx	resx	retain		Preserve neutral/culture resource until AXAML localization mapping is verified.
GCSViews/ConfigurationView/ConfigFirmwareDisabled.az-Latn-AZ.resx	resx	retain		Preserve neutral/culture resource until AXAML localization mapping is verified.
GCSViews/ConfigurationView/ConfigFirmwareDisabled.cs	csharp	remove	Porting/Reference/PORT_STATUS.md	The Avalonia setup navigation hides unavailable firmware actions instead of opening a WinForms disabled-placeholder page.
GCSViews/ConfigurationView/ConfigFirmwareDisabled.de-DE.resx	resx	retain		Preserve neutral/culture resource until AXAML localization mapping is verified.
GCSViews/ConfigurationView/ConfigFirmwareDisabled.fr.resx	resx	retain		Preserve neutral/culture resource until AXAML localization mapping is verified.
GCSViews/ConfigurationView/ConfigFirmwareDisabled.id-ID.resx	resx	retain		Preserve neutral/culture resource until AXAML localization mapping is verified.
GCSViews/ConfigurationView/ConfigFirmwareDisabled.ja-JP.resx	resx	retain		Preserve neutral/culture resource until AXAML localization mapping is verified.
GCSViews/ConfigurationView/ConfigFirmwareDisabled.ko-KR.resx	resx	retain		Preserve neutral/culture resource until AXAML localization mapping is verified.
GCSViews/ConfigurationView/ConfigFirmwareDisabled.pt.resx	resx	retain		Preserve neutral/culture resource until AXAML localization mapping is verified.
GCSViews/ConfigurationView/ConfigFirmwareDisabled.resx	resx	retain		Preserve neutral/culture resource until AXAML localization mapping is verified.
GCSViews/ConfigurationView/ConfigFirmwareDisabled.ru-KZ.resx	resx	retain		Preserve neutral/culture resource until AXAML localization mapping is verified.
GCSViews/ConfigurationView/ConfigFirmwareDisabled.tr.resx	resx	retain		Preserve neutral/culture resource until AXAML localization mapping is verified.
GCSViews/ConfigurationView/ConfigFirmwareDisabled.uk.resx	resx	retain		Preserve neutral/culture resource until AXAML localization mapping is verified.
GCSViews/ConfigurationView/ConfigFirmwareDisabled.zh-Hans.resx	resx	retain		Preserve neutral/culture resource until AXAML localization mapping is verified.
GCSViews/ConfigurationView/ConfigFirmwareManifest.Designer.cs	csharp	replace	GCSViews/Setup/InstallFirmwareView.axaml;ViewModels/Setup/InstallFirmwareViewModel.cs	Mapped to the listed native Avalonia artifacts; feature-level parity and deliberate safety differences are recorded in Porting/Reference/PORT_STATUS.md.
GCSViews/ConfigurationView/ConfigFirmwareManifest.cs	csharp	replace	GCSViews/Setup/InstallFirmwareView.axaml;ViewModels/Setup/InstallFirmwareViewModel.cs	Mapped to the listed native Avalonia artifacts; feature-level parity and deliberate safety differences are recorded in Porting/Reference/PORT_STATUS.md.
GCSViews/ConfigurationView/ConfigFirmwareManifest.resx	resx	retain		Preserve neutral/culture resource until AXAML localization mapping is verified.
GCSViews/ConfigurationView/ConfigFlightModes.Designer.cs	csharp	replace	GCSViews/ConfigurationView/ConfigFlightModesView.axaml;ViewModels/GCSViews/ConfigurationView/ConfigFlightModesViewModel.cs	Mapped to the listed native Avalonia artifacts; feature-level parity and deliberate safety differences are recorded in Porting/Reference/PORT_STATUS.md.
GCSViews/ConfigurationView/ConfigFlightModes.ar.resx	resx	retain		Preserve neutral/culture resource until AXAML localization mapping is verified.
GCSViews/ConfigurationView/ConfigFlightModes.az-Latn-AZ.resx	resx	retain		Preserve neutral/culture resource until AXAML localization mapping is verified.
GCSViews/ConfigurationView/ConfigFlightModes.cs	csharp	replace	GCSViews/ConfigurationView/ConfigFlightModesView.axaml;ViewModels/GCSViews/ConfigurationView/ConfigFlightModesViewModel.cs	Mapped to the listed native Avalonia artifacts; feature-level parity and deliberate safety differences are recorded in Porting/Reference/PORT_STATUS.md.
GCSViews/ConfigurationView/ConfigFlightModes.de-DE.resx	resx	retain		Preserve neutral/culture resource until AXAML localization mapping is verified.
GCSViews/ConfigurationView/ConfigFlightModes.es-ES.resx	resx	retain		Preserve neutral/culture resource until AXAML localization mapping is verified.
GCSViews/ConfigurationView/ConfigFlightModes.fr.resx	resx	retain		Preserve neutral/culture resource until AXAML localization mapping is verified.
GCSViews/ConfigurationView/ConfigFlightModes.id-ID.resx	resx	retain		Preserve neutral/culture resource until AXAML localization mapping is verified.
GCSViews/ConfigurationView/ConfigFlightModes.it-IT.resx	resx	retain		Preserve neutral/culture resource until AXAML localization mapping is verified.
GCSViews/ConfigurationView/ConfigFlightModes.ja-JP.resx	resx	retain		Preserve neutral/culture resource until AXAML localization mapping is verified.
GCSViews/ConfigurationView/ConfigFlightModes.ko-KR.resx	resx	retain		Preserve neutral/culture resource until AXAML localization mapping is verified.
GCSViews/ConfigurationView/ConfigFlightModes.pl.resx	resx	retain		Preserve neutral/culture resource until AXAML localization mapping is verified.
GCSViews/ConfigurationView/ConfigFlightModes.pt.resx	resx	retain		Preserve neutral/culture resource until AXAML localization mapping is verified.
GCSViews/ConfigurationView/ConfigFlightModes.resx	resx	retain		Preserve neutral/culture resource until AXAML localization mapping is verified.
GCSViews/ConfigurationView/ConfigFlightModes.ru-KZ.resx	resx	retain		Preserve neutral/culture resource until AXAML localization mapping is verified.
GCSViews/ConfigurationView/ConfigFlightModes.tr.resx	resx	retain		Preserve neutral/culture resource until AXAML localization mapping is verified.
GCSViews/ConfigurationView/ConfigFlightModes.uk.resx	resx	retain		Preserve neutral/culture resource until AXAML localization mapping is verified.
GCSViews/ConfigurationView/ConfigFlightModes.zh-Hans.resx	resx	retain		Preserve neutral/culture resource until AXAML localization mapping is verified.
GCSViews/ConfigurationView/ConfigFlightModes.zh-Hant.resx	resx	retain		Preserve neutral/culture resource until AXAML localization mapping is verified.
GCSViews/ConfigurationView/ConfigFlightModes.zh-TW.resx	resx	retain		Preserve neutral/culture resource until AXAML localization mapping is verified.
GCSViews/ConfigurationView/ConfigFrameClassType.Designer.cs	csharp	replace	GCSViews/ConfigurationView/ConfigFrameClassTypeView.axaml;ViewModels/GCSViews/ConfigurationView/ConfigFrameClassTypeViewModel.cs	Mapped to the listed native Avalonia artifacts; feature-level parity and deliberate safety differences are recorded in Porting/Reference/PORT_STATUS.md.
GCSViews/ConfigurationView/ConfigFrameClassType.ar.resx	resx	retain		Preserve neutral/culture resource until AXAML localization mapping is verified.
GCSViews/ConfigurationView/ConfigFrameClassType.az-Latn-AZ.resx	resx	retain		Preserve neutral/culture resource until AXAML localization mapping is verified.
GCSViews/ConfigurationView/ConfigFrameClassType.cs	csharp	replace	GCSViews/ConfigurationView/ConfigFrameClassTypeView.axaml;ViewModels/GCSViews/ConfigurationView/ConfigFrameClassTypeViewModel.cs	Mapped to the listed native Avalonia artifacts; feature-level parity and deliberate safety differences are recorded in Porting/Reference/PORT_STATUS.md.
GCSViews/ConfigurationView/ConfigFrameClassType.de-DE.resx	resx	retain		Preserve neutral/culture resource until AXAML localization mapping is verified.
GCSViews/ConfigurationView/ConfigFrameClassType.es-ES.resx	resx	retain		Preserve neutral/culture resource until AXAML localization mapping is verified.
GCSViews/ConfigurationView/ConfigFrameClassType.fr.resx	resx	retain		Preserve neutral/culture resource until AXAML localization mapping is verified.
GCSViews/ConfigurationView/ConfigFrameClassType.id-ID.resx	resx	retain		Preserve neutral/culture resource until AXAML localization mapping is verified.
GCSViews/ConfigurationView/ConfigFrameClassType.it-IT.resx	resx	retain		Preserve neutral/culture resource until AXAML localization mapping is verified.
GCSViews/ConfigurationView/ConfigFrameClassType.ja-JP.resx	resx	retain		Preserve neutral/culture resource until AXAML localization mapping is verified.
GCSViews/ConfigurationView/ConfigFrameClassType.ko-KR.resx	resx	retain		Preserve neutral/culture resource until AXAML localization mapping is verified.
GCSViews/ConfigurationView/ConfigFrameClassType.pl.resx	resx	retain		Preserve neutral/culture resource until AXAML localization mapping is verified.
GCSViews/ConfigurationView/ConfigFrameClassType.pt.resx	resx	retain		Preserve neutral/culture resource until AXAML localization mapping is verified.
GCSViews/ConfigurationView/ConfigFrameClassType.resx	resx	retain		Preserve neutral/culture resource until AXAML localization mapping is verified.
GCSViews/ConfigurationView/ConfigFrameClassType.ru-KZ.resx	resx	retain		Preserve neutral/culture resource until AXAML localization mapping is verified.
GCSViews/ConfigurationView/ConfigFrameClassType.tr.resx	resx	retain		Preserve neutral/culture resource until AXAML localization mapping is verified.
GCSViews/ConfigurationView/ConfigFrameClassType.uk.resx	resx	retain		Preserve neutral/culture resource until AXAML localization mapping is verified.
GCSViews/ConfigurationView/ConfigFrameClassType.zh-Hans.resx	resx	retain		Preserve neutral/culture resource until AXAML localization mapping is verified.
GCSViews/ConfigurationView/ConfigFrameClassType.zh-Hant.resx	resx	retain		Preserve neutral/culture resource until AXAML localization mapping is verified.
GCSViews/ConfigurationView/ConfigFrameClassType.zh-TW.resx	resx	retain		Preserve neutral/culture resource until AXAML localization mapping is verified.
GCSViews/ConfigurationView/ConfigFrameType.Designer.cs	csharp	replace	GCSViews/ConfigurationView/ConfigFrameTypeView.axaml;ViewModels/GCSViews/ConfigurationView/ConfigFrameTypeViewModel.cs	Mapped to the listed native Avalonia artifacts; feature-level parity and deliberate safety differences are recorded in Porting/Reference/PORT_STATUS.md.
GCSViews/ConfigurationView/ConfigFrameType.ar.resx	resx	retain		Preserve neutral/culture resource until AXAML localization mapping is verified.
GCSViews/ConfigurationView/ConfigFrameType.az-Latn-AZ.resx	resx	retain		Preserve neutral/culture resource until AXAML localization mapping is verified.
GCSViews/ConfigurationView/ConfigFrameType.cs	csharp	replace	GCSViews/ConfigurationView/ConfigFrameTypeView.axaml;ViewModels/GCSViews/ConfigurationView/ConfigFrameTypeViewModel.cs	Mapped to the listed native Avalonia artifacts; feature-level parity and deliberate safety differences are recorded in Porting/Reference/PORT_STATUS.md.
GCSViews/ConfigurationView/ConfigFrameType.de-DE.resx	resx	retain		Preserve neutral/culture resource until AXAML localization mapping is verified.
GCSViews/ConfigurationView/ConfigFrameType.es-ES.resx	resx	retain		Preserve neutral/culture resource until AXAML localization mapping is verified.
GCSViews/ConfigurationView/ConfigFrameType.fr.resx	resx	retain		Preserve neutral/culture resource until AXAML localization mapping is verified.
GCSViews/ConfigurationView/ConfigFrameType.id-ID.resx	resx	retain		Preserve neutral/culture resource until AXAML localization mapping is verified.
GCSViews/ConfigurationView/ConfigFrameType.it-IT.resx	resx	retain		Preserve neutral/culture resource until AXAML localization mapping is verified.
GCSViews/ConfigurationView/ConfigFrameType.ja-JP.resx	resx	retain		Preserve neutral/culture resource until AXAML localization mapping is verified.
GCSViews/ConfigurationView/ConfigFrameType.ko-KR.resx	resx	retain		Preserve neutral/culture resource until AXAML localization mapping is verified.
GCSViews/ConfigurationView/ConfigFrameType.pl.resx	resx	retain		Preserve neutral/culture resource until AXAML localization mapping is verified.
GCSViews/ConfigurationView/ConfigFrameType.pt.resx	resx	retain		Preserve neutral/culture resource until AXAML localization mapping is verified.
GCSViews/ConfigurationView/ConfigFrameType.resx	resx	retain		Preserve neutral/culture resource until AXAML localization mapping is verified.
GCSViews/ConfigurationView/ConfigFrameType.ru-KZ.resx	resx	retain		Preserve neutral/culture resource until AXAML localization mapping is verified.
GCSViews/ConfigurationView/ConfigFrameType.tr.resx	resx	retain		Preserve neutral/culture resource until AXAML localization mapping is verified.
GCSViews/ConfigurationView/ConfigFrameType.uk.resx	resx	retain		Preserve neutral/culture resource until AXAML localization mapping is verified.
GCSViews/ConfigurationView/ConfigFrameType.zh-Hans.resx	resx	retain		Preserve neutral/culture resource until AXAML localization mapping is verified.
GCSViews/ConfigurationView/ConfigFrameType.zh-Hant.resx	resx	retain		Preserve neutral/culture resource until AXAML localization mapping is verified.
GCSViews/ConfigurationView/ConfigFrameType.zh-TW.resx	resx	retain		Preserve neutral/culture resource until AXAML localization mapping is verified.
GCSViews/ConfigurationView/ConfigFriendlyParams.Designer.cs	csharp	replace	GCSViews/ConfigurationView/ConfigFriendlyParamsView.axaml;ViewModels/GCSViews/ConfigurationView/ConfigFriendlyParamsViewModel.cs	Mapped to the listed native Avalonia artifacts; feature-level parity and deliberate safety differences are recorded in Porting/Reference/PORT_STATUS.md.
GCSViews/ConfigurationView/ConfigFriendlyParams.ar.resx	resx	retain		Preserve neutral/culture resource until AXAML localization mapping is verified.
GCSViews/ConfigurationView/ConfigFriendlyParams.az-Latn-AZ.resx	resx	retain		Preserve neutral/culture resource until AXAML localization mapping is verified.
GCSViews/ConfigurationView/ConfigFriendlyParams.cs	csharp	replace	GCSViews/ConfigurationView/ConfigFriendlyParamsView.axaml;ViewModels/GCSViews/ConfigurationView/ConfigFriendlyParamsViewModel.cs	Mapped to the listed native Avalonia artifacts; feature-level parity and deliberate safety differences are recorded in Porting/Reference/PORT_STATUS.md.
GCSViews/ConfigurationView/ConfigFriendlyParams.de-DE.resx	resx	retain		Preserve neutral/culture resource until AXAML localization mapping is verified.
GCSViews/ConfigurationView/ConfigFriendlyParams.fr.resx	resx	retain		Preserve neutral/culture resource until AXAML localization mapping is verified.
GCSViews/ConfigurationView/ConfigFriendlyParams.id-ID.resx	resx	retain		Preserve neutral/culture resource until AXAML localization mapping is verified.
GCSViews/ConfigurationView/ConfigFriendlyParams.ja-JP.resx	resx	retain		Preserve neutral/culture resource until AXAML localization mapping is verified.
GCSViews/ConfigurationView/ConfigFriendlyParams.ko-KR.resx	resx	retain		Preserve neutral/culture resource until AXAML localization mapping is verified.
GCSViews/ConfigurationView/ConfigFriendlyParams.pt.resx	resx	retain		Preserve neutral/culture resource until AXAML localization mapping is verified.
GCSViews/ConfigurationView/ConfigFriendlyParams.resx	resx	retain		Preserve neutral/culture resource until AXAML localization mapping is verified.
GCSViews/ConfigurationView/ConfigFriendlyParams.ru-KZ.resx	resx	retain		Preserve neutral/culture resource until AXAML localization mapping is verified.
GCSViews/ConfigurationView/ConfigFriendlyParams.tr.resx	resx	retain		Preserve neutral/culture resource until AXAML localization mapping is verified.
GCSViews/ConfigurationView/ConfigFriendlyParams.uk.resx	resx	retain		Preserve neutral/culture resource until AXAML localization mapping is verified.
GCSViews/ConfigurationView/ConfigFriendlyParams.zh-Hans.resx	resx	retain		Preserve neutral/culture resource until AXAML localization mapping is verified.
GCSViews/ConfigurationView/ConfigFriendlyParamsAdv.cs	csharp	replace	GCSViews/ConfigurationView/ConfigFriendlyParamsView.axaml;ViewModels/GCSViews/ConfigurationView/ConfigFriendlyParamsViewModel.cs	Mapped to the listed native Avalonia artifacts; feature-level parity and deliberate safety differences are recorded in Porting/Reference/PORT_STATUS.md.
GCSViews/ConfigurationView/ConfigGPSOrder.Designer.cs	csharp	replace	GCSViews/ConfigurationView/ConfigGPSOrderView.axaml;ViewModels/GCSViews/ConfigurationView/ConfigGPSOrderViewModel.cs	Mapped to the listed native Avalonia artifacts; feature-level parity and deliberate safety differences are recorded in Porting/Reference/PORT_STATUS.md.
GCSViews/ConfigurationView/ConfigGPSOrder.cs	csharp	replace	GCSViews/ConfigurationView/ConfigGPSOrderView.axaml;ViewModels/GCSViews/ConfigurationView/ConfigGPSOrderViewModel.cs	Mapped to the listed native Avalonia artifacts; feature-level parity and deliberate safety differences are recorded in Porting/Reference/PORT_STATUS.md.
GCSViews/ConfigurationView/ConfigGPSOrder.resx	resx	retain		Preserve neutral/culture resource until AXAML localization mapping is verified.
GCSViews/ConfigurationView/ConfigHWAirspeed.Designer.cs	csharp	replace	GCSViews/ConfigurationView/ConfigAirspeedView.axaml;ViewModels/GCSViews/ConfigurationView/ConfigAirspeedViewModel.cs	Mapped to the listed native Avalonia artifacts; feature-level parity and deliberate safety differences are recorded in Porting/Reference/PORT_STATUS.md.
GCSViews/ConfigurationView/ConfigHWAirspeed.ar.resx	resx	retain		Preserve neutral/culture resource until AXAML localization mapping is verified.
GCSViews/ConfigurationView/ConfigHWAirspeed.az-Latn-AZ.resx	resx	retain		Preserve neutral/culture resource until AXAML localization mapping is verified.
GCSViews/ConfigurationView/ConfigHWAirspeed.cs	csharp	replace	GCSViews/ConfigurationView/ConfigAirspeedView.axaml;ViewModels/GCSViews/ConfigurationView/ConfigAirspeedViewModel.cs	Mapped to the listed native Avalonia artifacts; feature-level parity and deliberate safety differences are recorded in Porting/Reference/PORT_STATUS.md.
GCSViews/ConfigurationView/ConfigHWAirspeed.de-DE.resx	resx	retain		Preserve neutral/culture resource until AXAML localization mapping is verified.
GCSViews/ConfigurationView/ConfigHWAirspeed.es-ES.resx	resx	retain		Preserve neutral/culture resource until AXAML localization mapping is verified.
GCSViews/ConfigurationView/ConfigHWAirspeed.fr.resx	resx	retain		Preserve neutral/culture resource until AXAML localization mapping is verified.
GCSViews/ConfigurationView/ConfigHWAirspeed.id-ID.resx	resx	retain		Preserve neutral/culture resource until AXAML localization mapping is verified.
GCSViews/ConfigurationView/ConfigHWAirspeed.it-IT.resx	resx	retain		Preserve neutral/culture resource until AXAML localization mapping is verified.
GCSViews/ConfigurationView/ConfigHWAirspeed.ja-JP.resx	resx	retain		Preserve neutral/culture resource until AXAML localization mapping is verified.
GCSViews/ConfigurationView/ConfigHWAirspeed.ko-KR.resx	resx	retain		Preserve neutral/culture resource until AXAML localization mapping is verified.
GCSViews/ConfigurationView/ConfigHWAirspeed.pl.resx	resx	retain		Preserve neutral/culture resource until AXAML localization mapping is verified.
GCSViews/ConfigurationView/ConfigHWAirspeed.pt.resx	resx	retain		Preserve neutral/culture resource until AXAML localization mapping is verified.
GCSViews/ConfigurationView/ConfigHWAirspeed.resx	resx	retain		Preserve neutral/culture resource until AXAML localization mapping is verified.
GCSViews/ConfigurationView/ConfigHWAirspeed.ru-KZ.resx	resx	retain		Preserve neutral/culture resource until AXAML localization mapping is verified.
GCSViews/ConfigurationView/ConfigHWAirspeed.tr.resx	resx	retain		Preserve neutral/culture resource until AXAML localization mapping is verified.
GCSViews/ConfigurationView/ConfigHWAirspeed.uk.resx	resx	retain		Preserve neutral/culture resource until AXAML localization mapping is verified.
GCSViews/ConfigurationView/ConfigHWAirspeed.zh-Hans.resx	resx	retain		Preserve neutral/culture resource until AXAML localization mapping is verified.
GCSViews/ConfigurationView/ConfigHWAirspeed.zh-Hant.resx	resx	retain		Preserve neutral/culture resource until AXAML localization mapping is verified.
GCSViews/ConfigurationView/ConfigHWAirspeed.zh-TW.resx	resx	retain		Preserve neutral/culture resource until AXAML localization mapping is verified.
GCSViews/ConfigurationView/ConfigHWBT.Designer.cs	csharp	replace	GCSViews/ConfigurationView/ConfigHWBTView.axaml;ViewModels/GCSViews/ConfigurationView/ConfigHWBTViewModel.cs	Mapped to the listed native Avalonia artifacts; feature-level parity and deliberate safety differences are recorded in Porting/Reference/PORT_STATUS.md.
GCSViews/ConfigurationView/ConfigHWBT.ar.resx	resx	retain		Preserve neutral/culture resource until AXAML localization mapping is verified.
GCSViews/ConfigurationView/ConfigHWBT.az-Latn-AZ.resx	resx	retain		Preserve neutral/culture resource until AXAML localization mapping is verified.
GCSViews/ConfigurationView/ConfigHWBT.cs	csharp	replace	GCSViews/ConfigurationView/ConfigHWBTView.axaml;ViewModels/GCSViews/ConfigurationView/ConfigHWBTViewModel.cs	Mapped to the listed native Avalonia artifacts; feature-level parity and deliberate safety differences are recorded in Porting/Reference/PORT_STATUS.md.
GCSViews/ConfigurationView/ConfigHWBT.de-DE.resx	resx	retain		Preserve neutral/culture resource until AXAML localization mapping is verified.
GCSViews/ConfigurationView/ConfigHWBT.fr.resx	resx	retain		Preserve neutral/culture resource until AXAML localization mapping is verified.
GCSViews/ConfigurationView/ConfigHWBT.id-ID.resx	resx	retain		Preserve neutral/culture resource until AXAML localization mapping is verified.
GCSViews/ConfigurationView/ConfigHWBT.ja-JP.resx	resx	retain		Preserve neutral/culture resource until AXAML localization mapping is verified.
GCSViews/ConfigurationView/ConfigHWBT.ko-KR.resx	resx	retain		Preserve neutral/culture resource until AXAML localization mapping is verified.
GCSViews/ConfigurationView/ConfigHWBT.pt.resx	resx	retain		Preserve neutral/culture resource until AXAML localization mapping is verified.
GCSViews/ConfigurationView/ConfigHWBT.resx	resx	retain		Preserve neutral/culture resource until AXAML localization mapping is verified.
GCSViews/ConfigurationView/ConfigHWBT.ru-KZ.resx	resx	retain		Preserve neutral/culture resource until AXAML localization mapping is verified.
GCSViews/ConfigurationView/ConfigHWBT.tr.resx	resx	retain		Preserve neutral/culture resource until AXAML localization mapping is verified.
GCSViews/ConfigurationView/ConfigHWBT.uk.resx	resx	retain		Preserve neutral/culture resource until AXAML localization mapping is verified.
GCSViews/ConfigurationView/ConfigHWBT.zh-Hans.resx	resx	retain		Preserve neutral/culture resource until AXAML localization mapping is verified.
GCSViews/ConfigurationView/ConfigHWCAN.Designer.cs	csharp	replace	GCSViews/ConfigurationView/ConfigHWCANView.axaml;ViewModels/GCSViews/ConfigurationView/ConfigHWCANViewModel.cs	Mapped to the listed native Avalonia artifacts; feature-level parity and deliberate safety differences are recorded in Porting/Reference/PORT_STATUS.md.
GCSViews/ConfigurationView/ConfigHWCAN.ar.resx	resx	retain		Preserve neutral/culture resource until AXAML localization mapping is verified.
GCSViews/ConfigurationView/ConfigHWCAN.az-Latn-AZ.resx	resx	retain		Preserve neutral/culture resource until AXAML localization mapping is verified.
GCSViews/ConfigurationView/ConfigHWCAN.cs	csharp	replace	GCSViews/ConfigurationView/ConfigHWCANView.axaml;ViewModels/GCSViews/ConfigurationView/ConfigHWCANViewModel.cs	Mapped to the listed native Avalonia artifacts; feature-level parity and deliberate safety differences are recorded in Porting/Reference/PORT_STATUS.md.
GCSViews/ConfigurationView/ConfigHWCAN.de-DE.resx	resx	retain		Preserve neutral/culture resource until AXAML localization mapping is verified.
GCSViews/ConfigurationView/ConfigHWCAN.ko-KR.resx	resx	retain		Preserve neutral/culture resource until AXAML localization mapping is verified.
GCSViews/ConfigurationView/ConfigHWCAN.pt.resx	resx	retain		Preserve neutral/culture resource until AXAML localization mapping is verified.
GCSViews/ConfigurationView/ConfigHWCAN.resx	resx	retain		Preserve neutral/culture resource until AXAML localization mapping is verified.
GCSViews/ConfigurationView/ConfigHWCAN.ru-KZ.resx	resx	retain		Preserve neutral/culture resource until AXAML localization mapping is verified.
GCSViews/ConfigurationView/ConfigHWCAN.tr.resx	resx	retain		Preserve neutral/culture resource until AXAML localization mapping is verified.
GCSViews/ConfigurationView/ConfigHWCAN.uk.resx	resx	retain		Preserve neutral/culture resource until AXAML localization mapping is verified.
GCSViews/ConfigurationView/ConfigHWCompass.Designer.cs	csharp	replace	GCSViews/ConfigurationView/ConfigCompassLegacyView.axaml;ViewModels/GCSViews/ConfigurationView/ConfigCompassLegacyViewModel.cs	Mapped to the listed native Avalonia artifacts; feature-level parity and deliberate safety differences are recorded in Porting/Reference/PORT_STATUS.md.
GCSViews/ConfigurationView/ConfigHWCompass.ar.resx	resx	retain		Preserve neutral/culture resource until AXAML localization mapping is verified.
GCSViews/ConfigurationView/ConfigHWCompass.az-Latn-AZ.resx	resx	retain		Preserve neutral/culture resource until AXAML localization mapping is verified.
GCSViews/ConfigurationView/ConfigHWCompass.cs	csharp	replace	GCSViews/ConfigurationView/ConfigCompassLegacyView.axaml;ViewModels/GCSViews/ConfigurationView/ConfigCompassLegacyViewModel.cs	Mapped to the listed native Avalonia artifacts; feature-level parity and deliberate safety differences are recorded in Porting/Reference/PORT_STATUS.md.
GCSViews/ConfigurationView/ConfigHWCompass.de-DE.resx	resx	retain		Preserve neutral/culture resource until AXAML localization mapping is verified.
GCSViews/ConfigurationView/ConfigHWCompass.es-ES.resx	resx	retain		Preserve neutral/culture resource until AXAML localization mapping is verified.
GCSViews/ConfigurationView/ConfigHWCompass.fr.resx	resx	retain		Preserve neutral/culture resource until AXAML localization mapping is verified.
GCSViews/ConfigurationView/ConfigHWCompass.id-ID.resx	resx	retain		Preserve neutral/culture resource until AXAML localization mapping is verified.
GCSViews/ConfigurationView/ConfigHWCompass.it-IT.resx	resx	retain		Preserve neutral/culture resource until AXAML localization mapping is verified.
GCSViews/ConfigurationView/ConfigHWCompass.ja-JP.resx	resx	retain		Preserve neutral/culture resource until AXAML localization mapping is verified.
GCSViews/ConfigurationView/ConfigHWCompass.ko-KR.resx	resx	retain		Preserve neutral/culture resource until AXAML localization mapping is verified.
GCSViews/ConfigurationView/ConfigHWCompass.pl.resx	resx	retain		Preserve neutral/culture resource until AXAML localization mapping is verified.
GCSViews/ConfigurationView/ConfigHWCompass.pt.resx	resx	retain		Preserve neutral/culture resource until AXAML localization mapping is verified.
GCSViews/ConfigurationView/ConfigHWCompass.resx	resx	retain		Preserve neutral/culture resource until AXAML localization mapping is verified.
GCSViews/ConfigurationView/ConfigHWCompass.ru-KZ.resx	resx	retain		Preserve neutral/culture resource until AXAML localization mapping is verified.
GCSViews/ConfigurationView/ConfigHWCompass.tr.resx	resx	retain		Preserve neutral/culture resource until AXAML localization mapping is verified.
GCSViews/ConfigurationView/ConfigHWCompass.uk.resx	resx	retain		Preserve neutral/culture resource until AXAML localization mapping is verified.
GCSViews/ConfigurationView/ConfigHWCompass.zh-Hans.resx	resx	retain		Preserve neutral/culture resource until AXAML localization mapping is verified.
GCSViews/ConfigurationView/ConfigHWCompass.zh-Hant.resx	resx	retain		Preserve neutral/culture resource until AXAML localization mapping is verified.
GCSViews/ConfigurationView/ConfigHWCompass.zh-TW.resx	resx	retain		Preserve neutral/culture resource until AXAML localization mapping is verified.
GCSViews/ConfigurationView/ConfigHWCompass2.Designer.cs	csharp	replace	GCSViews/ConfigurationView/ConfigCompassView.axaml;ViewModels/GCSViews/ConfigurationView/ConfigCalibrationPages.cs	Mapped to the listed native Avalonia artifacts; feature-level parity and deliberate safety differences are recorded in Porting/Reference/PORT_STATUS.md.
GCSViews/ConfigurationView/ConfigHWCompass2.cs	csharp	replace	GCSViews/ConfigurationView/ConfigCompassView.axaml;ViewModels/GCSViews/ConfigurationView/ConfigCalibrationPages.cs	Mapped to the listed native Avalonia artifacts; feature-level parity and deliberate safety differences are recorded in Porting/Reference/PORT_STATUS.md.
GCSViews/ConfigurationView/ConfigHWCompass2.resx	resx	retain		Preserve neutral/culture resource until AXAML localization mapping is verified.
GCSViews/ConfigurationView/ConfigHWESP8266.ar.resx	resx	retain		Preserve neutral/culture resource until AXAML localization mapping is verified.
GCSViews/ConfigurationView/ConfigHWESP8266.az-Latn-AZ.resx	resx	retain		Preserve neutral/culture resource until AXAML localization mapping is verified.
GCSViews/ConfigurationView/ConfigHWESP8266.de-DE.resx	resx	retain		Preserve neutral/culture resource until AXAML localization mapping is verified.
GCSViews/ConfigurationView/ConfigHWESP8266.pt.resx	resx	retain		Preserve neutral/culture resource until AXAML localization mapping is verified.
GCSViews/ConfigurationView/ConfigHWESP8266.ru-KZ.resx	resx	retain		Preserve neutral/culture resource until AXAML localization mapping is verified.
GCSViews/ConfigurationView/ConfigHWESP8266.tr.resx	resx	retain		Preserve neutral/culture resource until AXAML localization mapping is verified.
GCSViews/ConfigurationView/ConfigHWESP8266.uk.resx	resx	retain		Preserve neutral/culture resource until AXAML localization mapping is verified.
GCSViews/ConfigurationView/ConfigHWIDs.Designer.cs	csharp	replace	GCSViews/ConfigurationView/ConfigHWIDView.axaml;ViewModels/GCSViews/ConfigurationView/ConfigHWIDViewModel.cs	Mapped to the listed native Avalonia artifacts; feature-level parity and deliberate safety differences are recorded in Porting/Reference/PORT_STATUS.md.
GCSViews/ConfigurationView/ConfigHWIDs.cs	csharp	replace	GCSViews/ConfigurationView/ConfigHWIDView.axaml;ViewModels/GCSViews/ConfigurationView/ConfigHWIDViewModel.cs	Mapped to the listed native Avalonia artifacts; feature-level parity and deliberate safety differences are recorded in Porting/Reference/PORT_STATUS.md.
GCSViews/ConfigurationView/ConfigHWIDs.resx	resx	retain		Preserve neutral/culture resource until AXAML localization mapping is verified.
GCSViews/ConfigurationView/ConfigHWOSD.Designer.cs	csharp	replace	GCSViews/ConfigurationView/ConfigHWOSDView.axaml;ViewModels/GCSViews/ConfigurationView/ConfigHWOSDViewModel.cs	Mapped to the listed native Avalonia artifacts; feature-level parity and deliberate safety differences are recorded in Porting/Reference/PORT_STATUS.md.
GCSViews/ConfigurationView/ConfigHWOSD.ar.resx	resx	retain		Preserve neutral/culture resource until AXAML localization mapping is verified.
GCSViews/ConfigurationView/ConfigHWOSD.az-Latn-AZ.resx	resx	retain		Preserve neutral/culture resource until AXAML localization mapping is verified.
GCSViews/ConfigurationView/ConfigHWOSD.cs	csharp	replace	GCSViews/ConfigurationView/ConfigHWOSDView.axaml;ViewModels/GCSViews/ConfigurationView/ConfigHWOSDViewModel.cs	Mapped to the listed native Avalonia artifacts; feature-level parity and deliberate safety differences are recorded in Porting/Reference/PORT_STATUS.md.
GCSViews/ConfigurationView/ConfigHWOSD.de-DE.resx	resx	retain		Preserve neutral/culture resource until AXAML localization mapping is verified.
GCSViews/ConfigurationView/ConfigHWOSD.es-ES.resx	resx	retain		Preserve neutral/culture resource until AXAML localization mapping is verified.
GCSViews/ConfigurationView/ConfigHWOSD.fr.resx	resx	retain		Preserve neutral/culture resource until AXAML localization mapping is verified.
GCSViews/ConfigurationView/ConfigHWOSD.id-ID.resx	resx	retain		Preserve neutral/culture resource until AXAML localization mapping is verified.
GCSViews/ConfigurationView/ConfigHWOSD.it-IT.resx	resx	retain		Preserve neutral/culture resource until AXAML localization mapping is verified.
GCSViews/ConfigurationView/ConfigHWOSD.ja-JP.resx	resx	retain		Preserve neutral/culture resource until AXAML localization mapping is verified.
GCSViews/ConfigurationView/ConfigHWOSD.ko-KR.resx	resx	retain		Preserve neutral/culture resource until AXAML localization mapping is verified.
GCSViews/ConfigurationView/ConfigHWOSD.pl.resx	resx	retain		Preserve neutral/culture resource until AXAML localization mapping is verified.
GCSViews/ConfigurationView/ConfigHWOSD.pt.resx	resx	retain		Preserve neutral/culture resource until AXAML localization mapping is verified.
GCSViews/ConfigurationView/ConfigHWOSD.resx	resx	retain		Preserve neutral/culture resource until AXAML localization mapping is verified.
GCSViews/ConfigurationView/ConfigHWOSD.ru-KZ.resx	resx	retain		Preserve neutral/culture resource until AXAML localization mapping is verified.
GCSViews/ConfigurationView/ConfigHWOSD.tr.resx	resx	retain		Preserve neutral/culture resource until AXAML localization mapping is verified.
GCSViews/ConfigurationView/ConfigHWOSD.uk.resx	resx	retain		Preserve neutral/culture resource until AXAML localization mapping is verified.
GCSViews/ConfigurationView/ConfigHWOSD.zh-Hans.resx	resx	retain		Preserve neutral/culture resource until AXAML localization mapping is verified.
GCSViews/ConfigurationView/ConfigHWOSD.zh-Hant.resx	resx	retain		Preserve neutral/culture resource until AXAML localization mapping is verified.
GCSViews/ConfigurationView/ConfigHWOSD.zh-TW.resx	resx	retain		Preserve neutral/culture resource until AXAML localization mapping is verified.
GCSViews/ConfigurationView/ConfigHWOptFlow.Designer.cs	csharp	replace	GCSViews/ConfigurationView/ConfigOptFlowView.axaml;ViewModels/GCSViews/ConfigurationView/ConfigOptFlowViewModel.cs	Mapped to the listed native Avalonia artifacts; feature-level parity and deliberate safety differences are recorded in Porting/Reference/PORT_STATUS.md.
GCSViews/ConfigurationView/ConfigHWOptFlow.ar.resx	resx	retain		Preserve neutral/culture resource until AXAML localization mapping is verified.
GCSViews/ConfigurationView/ConfigHWOptFlow.az-Latn-AZ.resx	resx	retain		Preserve neutral/culture resource until AXAML localization mapping is verified.
GCSViews/ConfigurationView/ConfigHWOptFlow.cs	csharp	replace	GCSViews/ConfigurationView/ConfigOptFlowView.axaml;ViewModels/GCSViews/ConfigurationView/ConfigOptFlowViewModel.cs	Mapped to the listed native Avalonia artifacts; feature-level parity and deliberate safety differences are recorded in Porting/Reference/PORT_STATUS.md.
GCSViews/ConfigurationView/ConfigHWOptFlow.de-DE.resx	resx	retain		Preserve neutral/culture resource until AXAML localization mapping is verified.
GCSViews/ConfigurationView/ConfigHWOptFlow.es-ES.resx	resx	retain		Preserve neutral/culture resource until AXAML localization mapping is verified.
GCSViews/ConfigurationView/ConfigHWOptFlow.fr.resx	resx	retain		Preserve neutral/culture resource until AXAML localization mapping is verified.
GCSViews/ConfigurationView/ConfigHWOptFlow.id-ID.resx	resx	retain		Preserve neutral/culture resource until AXAML localization mapping is verified.
GCSViews/ConfigurationView/ConfigHWOptFlow.it-IT.resx	resx	retain		Preserve neutral/culture resource until AXAML localization mapping is verified.
GCSViews/ConfigurationView/ConfigHWOptFlow.ja-JP.resx	resx	retain		Preserve neutral/culture resource until AXAML localization mapping is verified.
GCSViews/ConfigurationView/ConfigHWOptFlow.ko-KR.resx	resx	retain		Preserve neutral/culture resource until AXAML localization mapping is verified.
GCSViews/ConfigurationView/ConfigHWOptFlow.pl.resx	resx	retain		Preserve neutral/culture resource until AXAML localization mapping is verified.
GCSViews/ConfigurationView/ConfigHWOptFlow.pt.resx	resx	retain		Preserve neutral/culture resource until AXAML localization mapping is verified.
GCSViews/ConfigurationView/ConfigHWOptFlow.resx	resx	retain		Preserve neutral/culture resource until AXAML localization mapping is verified.
GCSViews/ConfigurationView/ConfigHWOptFlow.ru-KZ.resx	resx	retain		Preserve neutral/culture resource until AXAML localization mapping is verified.
GCSViews/ConfigurationView/ConfigHWOptFlow.tr.resx	resx	retain		Preserve neutral/culture resource until AXAML localization mapping is verified.
GCSViews/ConfigurationView/ConfigHWOptFlow.uk.resx	resx	retain		Preserve neutral/culture resource until AXAML localization mapping is verified.
GCSViews/ConfigurationView/ConfigHWOptFlow.zh-Hans.resx	resx	retain		Preserve neutral/culture resource until AXAML localization mapping is verified.
GCSViews/ConfigurationView/ConfigHWOptFlow.zh-Hant.resx	resx	retain		Preserve neutral/culture resource until AXAML localization mapping is verified.
GCSViews/ConfigurationView/ConfigHWOptFlow.zh-TW.resx	resx	retain		Preserve neutral/culture resource until AXAML localization mapping is verified.
GCSViews/ConfigurationView/ConfigHWPX4Flow.Designer.cs	csharp	replace	GCSViews/ConfigurationView/ConfigPX4FlowView.axaml;ViewModels/GCSViews/ConfigurationView/ConfigPX4FlowViewModel.cs	Mapped to the listed native Avalonia artifacts; feature-level parity and deliberate safety differences are recorded in Porting/Reference/PORT_STATUS.md.
GCSViews/ConfigurationView/ConfigHWPX4Flow.ar.resx	resx	retain		Preserve neutral/culture resource until AXAML localization mapping is verified.
GCSViews/ConfigurationView/ConfigHWPX4Flow.az-Latn-AZ.resx	resx	retain		Preserve neutral/culture resource until AXAML localization mapping is verified.
GCSViews/ConfigurationView/ConfigHWPX4Flow.cs	csharp	replace	GCSViews/ConfigurationView/ConfigPX4FlowView.axaml;ViewModels/GCSViews/ConfigurationView/ConfigPX4FlowViewModel.cs	Mapped to the listed native Avalonia artifacts; feature-level parity and deliberate safety differences are recorded in Porting/Reference/PORT_STATUS.md.
GCSViews/ConfigurationView/ConfigHWPX4Flow.de-DE.resx	resx	retain		Preserve neutral/culture resource until AXAML localization mapping is verified.
GCSViews/ConfigurationView/ConfigHWPX4Flow.ko-KR.resx	resx	retain		Preserve neutral/culture resource until AXAML localization mapping is verified.
GCSViews/ConfigurationView/ConfigHWPX4Flow.pt.resx	resx	retain		Preserve neutral/culture resource until AXAML localization mapping is verified.
GCSViews/ConfigurationView/ConfigHWPX4Flow.resx	resx	retain		Preserve neutral/culture resource until AXAML localization mapping is verified.
GCSViews/ConfigurationView/ConfigHWPX4Flow.ru-KZ.resx	resx	retain		Preserve neutral/culture resource until AXAML localization mapping is verified.
GCSViews/ConfigurationView/ConfigHWPX4Flow.tr.resx	resx	retain		Preserve neutral/culture resource until AXAML localization mapping is verified.
GCSViews/ConfigurationView/ConfigHWPX4Flow.uk.resx	resx	retain		Preserve neutral/culture resource until AXAML localization mapping is verified.
GCSViews/ConfigurationView/ConfigHWParachute.Designer.cs	csharp	replace	GCSViews/ConfigurationView/ConfigParachuteView.axaml;ViewModels/GCSViews/ConfigurationView/ConfigParachuteViewModel.cs	Mapped to the listed native Avalonia artifacts; feature-level parity and deliberate safety differences are recorded in Porting/Reference/PORT_STATUS.md.
GCSViews/ConfigurationView/ConfigHWParachute.ar.resx	resx	retain		Preserve neutral/culture resource until AXAML localization mapping is verified.
GCSViews/ConfigurationView/ConfigHWParachute.az-Latn-AZ.resx	resx	retain		Preserve neutral/culture resource until AXAML localization mapping is verified.
GCSViews/ConfigurationView/ConfigHWParachute.cs	csharp	replace	GCSViews/ConfigurationView/ConfigParachuteView.axaml;ViewModels/GCSViews/ConfigurationView/ConfigParachuteViewModel.cs	Mapped to the listed native Avalonia artifacts; feature-level parity and deliberate safety differences are recorded in Porting/Reference/PORT_STATUS.md.
GCSViews/ConfigurationView/ConfigHWParachute.de-DE.resx	resx	retain		Preserve neutral/culture resource until AXAML localization mapping is verified.
GCSViews/ConfigurationView/ConfigHWParachute.fr.resx	resx	retain		Preserve neutral/culture resource until AXAML localization mapping is verified.
GCSViews/ConfigurationView/ConfigHWParachute.id-ID.resx	resx	retain		Preserve neutral/culture resource until AXAML localization mapping is verified.
GCSViews/ConfigurationView/ConfigHWParachute.ko-KR.resx	resx	retain		Preserve neutral/culture resource until AXAML localization mapping is verified.
GCSViews/ConfigurationView/ConfigHWParachute.pt.resx	resx	retain		Preserve neutral/culture resource until AXAML localization mapping is verified.
GCSViews/ConfigurationView/ConfigHWParachute.resx	resx	retain		Preserve neutral/culture resource until AXAML localization mapping is verified.
GCSViews/ConfigurationView/ConfigHWParachute.ru-KZ.resx	resx	retain		Preserve neutral/culture resource until AXAML localization mapping is verified.
GCSViews/ConfigurationView/ConfigHWParachute.tr.resx	resx	retain		Preserve neutral/culture resource until AXAML localization mapping is verified.
GCSViews/ConfigurationView/ConfigHWParachute.uk.resx	resx	retain		Preserve neutral/culture resource until AXAML localization mapping is verified.
GCSViews/ConfigurationView/ConfigHWParachute.zh-Hans.resx	resx	retain		Preserve neutral/culture resource until AXAML localization mapping is verified.
GCSViews/ConfigurationView/ConfigHWRangeFinder.Designer.cs	csharp	replace	GCSViews/ConfigurationView/ConfigRangeFinderView.axaml;ViewModels/GCSViews/ConfigurationView/ConfigRangeFinderViewModel.cs	Mapped to the listed native Avalonia artifacts; feature-level parity and deliberate safety differences are recorded in Porting/Reference/PORT_STATUS.md.
GCSViews/ConfigurationView/ConfigHWRangeFinder.ar.resx	resx	retain		Preserve neutral/culture resource until AXAML localization mapping is verified.
GCSViews/ConfigurationView/ConfigHWRangeFinder.az-Latn-AZ.resx	resx	retain		Preserve neutral/culture resource until AXAML localization mapping is verified.
GCSViews/ConfigurationView/ConfigHWRangeFinder.cs	csharp	replace	GCSViews/ConfigurationView/ConfigRangeFinderView.axaml;ViewModels/GCSViews/ConfigurationView/ConfigRangeFinderViewModel.cs	Mapped to the listed native Avalonia artifacts; feature-level parity and deliberate safety differences are recorded in Porting/Reference/PORT_STATUS.md.
GCSViews/ConfigurationView/ConfigHWRangeFinder.de-DE.resx	resx	retain		Preserve neutral/culture resource until AXAML localization mapping is verified.
GCSViews/ConfigurationView/ConfigHWRangeFinder.es-ES.resx	resx	retain		Preserve neutral/culture resource until AXAML localization mapping is verified.
GCSViews/ConfigurationView/ConfigHWRangeFinder.fr.resx	resx	retain		Preserve neutral/culture resource until AXAML localization mapping is verified.
GCSViews/ConfigurationView/ConfigHWRangeFinder.id-ID.resx	resx	retain		Preserve neutral/culture resource until AXAML localization mapping is verified.
GCSViews/ConfigurationView/ConfigHWRangeFinder.it-IT.resx	resx	retain		Preserve neutral/culture resource until AXAML localization mapping is verified.
GCSViews/ConfigurationView/ConfigHWRangeFinder.ja-JP.resx	resx	retain		Preserve neutral/culture resource until AXAML localization mapping is verified.
GCSViews/ConfigurationView/ConfigHWRangeFinder.ko-KR.resx	resx	retain		Preserve neutral/culture resource until AXAML localization mapping is verified.
GCSViews/ConfigurationView/ConfigHWRangeFinder.pl.resx	resx	retain		Preserve neutral/culture resource until AXAML localization mapping is verified.
GCSViews/ConfigurationView/ConfigHWRangeFinder.pt.resx	resx	retain		Preserve neutral/culture resource until AXAML localization mapping is verified.
GCSViews/ConfigurationView/ConfigHWRangeFinder.resx	resx	retain		Preserve neutral/culture resource until AXAML localization mapping is verified.
GCSViews/ConfigurationView/ConfigHWRangeFinder.ru-KZ.resx	resx	retain		Preserve neutral/culture resource until AXAML localization mapping is verified.
GCSViews/ConfigurationView/ConfigHWRangeFinder.tr.resx	resx	retain		Preserve neutral/culture resource until AXAML localization mapping is verified.
GCSViews/ConfigurationView/ConfigHWRangeFinder.uk.resx	resx	retain		Preserve neutral/culture resource until AXAML localization mapping is verified.
GCSViews/ConfigurationView/ConfigHWRangeFinder.zh-Hans.resx	resx	retain		Preserve neutral/culture resource until AXAML localization mapping is verified.
GCSViews/ConfigurationView/ConfigHWRangeFinder.zh-Hant.resx	resx	retain		Preserve neutral/culture resource until AXAML localization mapping is verified.
GCSViews/ConfigurationView/ConfigHWRangeFinder.zh-TW.resx	resx	retain		Preserve neutral/culture resource until AXAML localization mapping is verified.
GCSViews/ConfigurationView/ConfigHWesp8266.Designer.cs	csharp	replace	GCSViews/ConfigurationView/ConfigHWESP8266View.axaml;ViewModels/GCSViews/ConfigurationView/ConfigHWESP8266ViewModel.cs	Mapped to the listed native Avalonia artifacts; feature-level parity and deliberate safety differences are recorded in Porting/Reference/PORT_STATUS.md.
GCSViews/ConfigurationView/ConfigHWesp8266.cs	csharp	replace	GCSViews/ConfigurationView/ConfigHWESP8266View.axaml;ViewModels/GCSViews/ConfigurationView/ConfigHWESP8266ViewModel.cs	Mapped to the listed native Avalonia artifacts; feature-level parity and deliberate safety differences are recorded in Porting/Reference/PORT_STATUS.md.
GCSViews/ConfigurationView/ConfigHWesp8266.ko-KR.resx	resx	retain		Preserve neutral/culture resource until AXAML localization mapping is verified.
GCSViews/ConfigurationView/ConfigHWesp8266.resx	resx	retain		Preserve neutral/culture resource until AXAML localization mapping is verified.
GCSViews/ConfigurationView/ConfigInitialParams.Designer.cs	csharp	replace	GCSViews/ConfigurationView/ConfigInitialParamsView.axaml;ViewModels/GCSViews/ConfigurationView/ConfigInitialParamsViewModel.cs	Mapped to the listed native Avalonia artifacts; feature-level parity and deliberate safety differences are recorded in Porting/Reference/PORT_STATUS.md.
GCSViews/ConfigurationView/ConfigInitialParams.cs	csharp	replace	GCSViews/ConfigurationView/ConfigInitialParamsView.axaml;ViewModels/GCSViews/ConfigurationView/ConfigInitialParamsViewModel.cs	Mapped to the listed native Avalonia artifacts; feature-level parity and deliberate safety differences are recorded in Porting/Reference/PORT_STATUS.md.
GCSViews/ConfigurationView/ConfigInitialParams.resx	resx	retain		Preserve neutral/culture resource until AXAML localization mapping is verified.
GCSViews/ConfigurationView/ConfigInitialParams.uk.resx	resx	retain		Preserve neutral/culture resource until AXAML localization mapping is verified.
GCSViews/ConfigurationView/ConfigMandatory.Designer.cs	csharp	replace	GCSViews/SetupView.axaml;ViewModels/SetupViewModel.cs	Mapped to the listed native Avalonia artifacts; feature-level parity and deliberate safety differences are recorded in Porting/Reference/PORT_STATUS.md.
GCSViews/ConfigurationView/ConfigMandatory.ar.resx	resx	retain		Preserve neutral/culture resource until AXAML localization mapping is verified.
GCSViews/ConfigurationView/ConfigMandatory.az-Latn-AZ.resx	resx	retain		Preserve neutral/culture resource until AXAML localization mapping is verified.
GCSViews/ConfigurationView/ConfigMandatory.cs	csharp	replace	GCSViews/SetupView.axaml;ViewModels/SetupViewModel.cs	Mapped to the listed native Avalonia artifacts; feature-level parity and deliberate safety differences are recorded in Porting/Reference/PORT_STATUS.md.
GCSViews/ConfigurationView/ConfigMandatory.de-DE.resx	resx	retain		Preserve neutral/culture resource until AXAML localization mapping is verified.
GCSViews/ConfigurationView/ConfigMandatory.id-ID.resx	resx	retain		Preserve neutral/culture resource until AXAML localization mapping is verified.
GCSViews/ConfigurationView/ConfigMandatory.ja-JP.resx	resx	retain		Preserve neutral/culture resource until AXAML localization mapping is verified.
GCSViews/ConfigurationView/ConfigMandatory.ko-KR.resx	resx	retain		Preserve neutral/culture resource until AXAML localization mapping is verified.
GCSViews/ConfigurationView/ConfigMandatory.pt.resx	resx	retain		Preserve neutral/culture resource until AXAML localization mapping is verified.
GCSViews/ConfigurationView/ConfigMandatory.resx	resx	retain		Preserve neutral/culture resource until AXAML localization mapping is verified.
GCSViews/ConfigurationView/ConfigMandatory.ru-KZ.resx	resx	retain		Preserve neutral/culture resource until AXAML localization mapping is verified.
GCSViews/ConfigurationView/ConfigMandatory.tr.resx	resx	retain		Preserve neutral/culture resource until AXAML localization mapping is verified.
GCSViews/ConfigurationView/ConfigMandatory.uk.resx	resx	retain		Preserve neutral/culture resource until AXAML localization mapping is verified.
GCSViews/ConfigurationView/ConfigMandatory.zh-Hans.resx	resx	retain		Preserve neutral/culture resource until AXAML localization mapping is verified.
GCSViews/ConfigurationView/ConfigMotorTest.Designer.cs	csharp	replace	GCSViews/ConfigurationView/ConfigMotorTestView.axaml;ViewModels/GCSViews/ConfigurationView/ConfigCalibrationPages.cs	Mapped to the listed native Avalonia artifacts; feature-level parity and deliberate safety differences are recorded in Porting/Reference/PORT_STATUS.md.
GCSViews/ConfigurationView/ConfigMotorTest.ar.resx	resx	retain		Preserve neutral/culture resource until AXAML localization mapping is verified.
GCSViews/ConfigurationView/ConfigMotorTest.az-Latn-AZ.resx	resx	retain		Preserve neutral/culture resource until AXAML localization mapping is verified.
GCSViews/ConfigurationView/ConfigMotorTest.cs	csharp	replace	GCSViews/ConfigurationView/ConfigMotorTestView.axaml;ViewModels/GCSViews/ConfigurationView/ConfigCalibrationPages.cs	Mapped to the listed native Avalonia artifacts; feature-level parity and deliberate safety differences are recorded in Porting/Reference/PORT_STATUS.md.
GCSViews/ConfigurationView/ConfigMotorTest.de-DE.resx	resx	retain		Preserve neutral/culture resource until AXAML localization mapping is verified.
GCSViews/ConfigurationView/ConfigMotorTest.fr.resx	resx	retain		Preserve neutral/culture resource until AXAML localization mapping is verified.
GCSViews/ConfigurationView/ConfigMotorTest.id-ID.resx	resx	retain		Preserve neutral/culture resource until AXAML localization mapping is verified.
GCSViews/ConfigurationView/ConfigMotorTest.ja-JP.resx	resx	retain		Preserve neutral/culture resource until AXAML localization mapping is verified.
GCSViews/ConfigurationView/ConfigMotorTest.ko-KR.resx	resx	retain		Preserve neutral/culture resource until AXAML localization mapping is verified.
GCSViews/ConfigurationView/ConfigMotorTest.pt.resx	resx	retain		Preserve neutral/culture resource until AXAML localization mapping is verified.
GCSViews/ConfigurationView/ConfigMotorTest.resx	resx	retain		Preserve neutral/culture resource until AXAML localization mapping is verified.
GCSViews/ConfigurationView/ConfigMotorTest.ru-KZ.resx	resx	retain		Preserve neutral/culture resource until AXAML localization mapping is verified.
GCSViews/ConfigurationView/ConfigMotorTest.tr.resx	resx	retain		Preserve neutral/culture resource until AXAML localization mapping is verified.
GCSViews/ConfigurationView/ConfigMotorTest.uk.resx	resx	retain		Preserve neutral/culture resource until AXAML localization mapping is verified.
GCSViews/ConfigurationView/ConfigMotorTest.zh-Hans.resx	resx	retain		Preserve neutral/culture resource until AXAML localization mapping is verified.
GCSViews/ConfigurationView/ConfigMount.ar.resx	resx	retain		Preserve neutral/culture resource until AXAML localization mapping is verified.
GCSViews/ConfigurationView/ConfigMount.az-Latn-AZ.resx	resx	retain		Preserve neutral/culture resource until AXAML localization mapping is verified.
GCSViews/ConfigurationView/ConfigMount.cs	csharp	replace	GCSViews/ConfigurationView/ConfigMountView.axaml;ViewModels/GCSViews/ConfigurationView/ConfigMountViewModel.cs	Mapped to the listed native Avalonia artifacts; feature-level parity and deliberate safety differences are recorded in Porting/Reference/PORT_STATUS.md.
GCSViews/ConfigurationView/ConfigMount.de-DE.resx	resx	retain		Preserve neutral/culture resource until AXAML localization mapping is verified.
GCSViews/ConfigurationView/ConfigMount.designer.cs	csharp	replace	GCSViews/ConfigurationView/ConfigMountView.axaml;ViewModels/GCSViews/ConfigurationView/ConfigMountViewModel.cs	Mapped to the listed native Avalonia artifacts; feature-level parity and deliberate safety differences are recorded in Porting/Reference/PORT_STATUS.md.
GCSViews/ConfigurationView/ConfigMount.fr.resx	resx	retain		Preserve neutral/culture resource until AXAML localization mapping is verified.
GCSViews/ConfigurationView/ConfigMount.id-ID.resx	resx	retain		Preserve neutral/culture resource until AXAML localization mapping is verified.
GCSViews/ConfigurationView/ConfigMount.it-IT.resx	resx	retain		Preserve neutral/culture resource until AXAML localization mapping is verified.
GCSViews/ConfigurationView/ConfigMount.ja-JP.resx	resx	retain		Preserve neutral/culture resource until AXAML localization mapping is verified.
GCSViews/ConfigurationView/ConfigMount.ko-KR.resx	resx	retain		Preserve neutral/culture resource until AXAML localization mapping is verified.
GCSViews/ConfigurationView/ConfigMount.pt.resx	resx	retain		Preserve neutral/culture resource until AXAML localization mapping is verified.
GCSViews/ConfigurationView/ConfigMount.resx	resx	retain		Preserve neutral/culture resource until AXAML localization mapping is verified.
GCSViews/ConfigurationView/ConfigMount.ru-KZ.resx	resx	retain		Preserve neutral/culture resource until AXAML localization mapping is verified.
GCSViews/ConfigurationView/ConfigMount.tr.resx	resx	retain		Preserve neutral/culture resource until AXAML localization mapping is verified.
GCSViews/ConfigurationView/ConfigMount.uk.resx	resx	retain		Preserve neutral/culture resource until AXAML localization mapping is verified.
GCSViews/ConfigurationView/ConfigMount.zh-Hans.resx	resx	retain		Preserve neutral/culture resource until AXAML localization mapping is verified.
GCSViews/ConfigurationView/ConfigMount.zh-Hant.resx	resx	retain		Preserve neutral/culture resource until AXAML localization mapping is verified.
GCSViews/ConfigurationView/ConfigMount.zh-TW.resx	resx	retain		Preserve neutral/culture resource until AXAML localization mapping is verified.
GCSViews/ConfigurationView/ConfigOSD.Designer.cs	csharp	replace	GCSViews/ConfigurationView/ConfigOSDView.axaml;ViewModels/GCSViews/ConfigurationView/ConfigOSDViewModel.cs	Mapped to the listed native Avalonia artifacts; feature-level parity and deliberate safety differences are recorded in Porting/Reference/PORT_STATUS.md.
GCSViews/ConfigurationView/ConfigOSD.cs	csharp	replace	GCSViews/ConfigurationView/ConfigOSDView.axaml;ViewModels/GCSViews/ConfigurationView/ConfigOSDViewModel.cs	Mapped to the listed native Avalonia artifacts; feature-level parity and deliberate safety differences are recorded in Porting/Reference/PORT_STATUS.md.
GCSViews/ConfigurationView/ConfigOSD.resx	resx	retain		Preserve neutral/culture resource until AXAML localization mapping is verified.
GCSViews/ConfigurationView/ConfigOptional.Designer.cs	csharp	replace	GCSViews/SetupView.axaml;ViewModels/SetupViewModel.cs	Mapped to the listed native Avalonia artifacts; feature-level parity and deliberate safety differences are recorded in Porting/Reference/PORT_STATUS.md.
GCSViews/ConfigurationView/ConfigOptional.ar.resx	resx	retain		Preserve neutral/culture resource until AXAML localization mapping is verified.
GCSViews/ConfigurationView/ConfigOptional.az-Latn-AZ.resx	resx	retain		Preserve neutral/culture resource until AXAML localization mapping is verified.
GCSViews/ConfigurationView/ConfigOptional.cs	csharp	replace	GCSViews/SetupView.axaml;ViewModels/SetupViewModel.cs	Mapped to the listed native Avalonia artifacts; feature-level parity and deliberate safety differences are recorded in Porting/Reference/PORT_STATUS.md.
GCSViews/ConfigurationView/ConfigOptional.de-DE.resx	resx	retain		Preserve neutral/culture resource until AXAML localization mapping is verified.
GCSViews/ConfigurationView/ConfigOptional.id-ID.resx	resx	retain		Preserve neutral/culture resource until AXAML localization mapping is verified.
GCSViews/ConfigurationView/ConfigOptional.ja-JP.resx	resx	retain		Preserve neutral/culture resource until AXAML localization mapping is verified.
GCSViews/ConfigurationView/ConfigOptional.ko-KR.resx	resx	retain		Preserve neutral/culture resource until AXAML localization mapping is verified.
GCSViews/ConfigurationView/ConfigOptional.pt.resx	resx	retain		Preserve neutral/culture resource until AXAML localization mapping is verified.
GCSViews/ConfigurationView/ConfigOptional.resx	resx	retain		Preserve neutral/culture resource until AXAML localization mapping is verified.
GCSViews/ConfigurationView/ConfigOptional.ru-KZ.resx	resx	retain		Preserve neutral/culture resource until AXAML localization mapping is verified.
GCSViews/ConfigurationView/ConfigOptional.tr.resx	resx	retain		Preserve neutral/culture resource until AXAML localization mapping is verified.
GCSViews/ConfigurationView/ConfigOptional.uk.resx	resx	retain		Preserve neutral/culture resource until AXAML localization mapping is verified.
GCSViews/ConfigurationView/ConfigOptional.zh-Hans.resx	resx	retain		Preserve neutral/culture resource until AXAML localization mapping is verified.
GCSViews/ConfigurationView/ConfigParamLoading.Designer.cs	csharp	replace	GCSViews/ConfigurationView/ConfigParamLoadingView.axaml;ViewModels/GCSViews/ConfigurationView/ConfigParamLoadingViewModel.cs	Mapped to the listed native Avalonia artifacts; feature-level parity and deliberate safety differences are recorded in Porting/Reference/PORT_STATUS.md.
GCSViews/ConfigurationView/ConfigParamLoading.cs	csharp	replace	GCSViews/ConfigurationView/ConfigParamLoadingView.axaml;ViewModels/GCSViews/ConfigurationView/ConfigParamLoadingViewModel.cs	Mapped to the listed native Avalonia artifacts; feature-level parity and deliberate safety differences are recorded in Porting/Reference/PORT_STATUS.md.
GCSViews/ConfigurationView/ConfigParamLoading.resx	resx	retain		Preserve neutral/culture resource until AXAML localization mapping is verified.
GCSViews/ConfigurationView/ConfigPlanner.Designer.cs	csharp	replace	GCSViews/ConfigurationView/ConfigPlannerView.axaml;ViewModels/GCSViews/ConfigurationView/ConfigPlannerViewModel.cs	Mapped to the listed native Avalonia artifacts; feature-level parity and deliberate safety differences are recorded in Porting/Reference/PORT_STATUS.md.
GCSViews/ConfigurationView/ConfigPlanner.ar.resx	resx	retain		Preserve neutral/culture resource until AXAML localization mapping is verified.
GCSViews/ConfigurationView/ConfigPlanner.az-Latn-AZ.resx	resx	retain		Preserve neutral/culture resource until AXAML localization mapping is verified.
GCSViews/ConfigurationView/ConfigPlanner.cs	csharp	replace	GCSViews/ConfigurationView/ConfigPlannerView.axaml;ViewModels/GCSViews/ConfigurationView/ConfigPlannerViewModel.cs	Mapped to the listed native Avalonia artifacts; feature-level parity and deliberate safety differences are recorded in Porting/Reference/PORT_STATUS.md.
GCSViews/ConfigurationView/ConfigPlanner.de-DE.resx	resx	retain		Preserve neutral/culture resource until AXAML localization mapping is verified.
GCSViews/ConfigurationView/ConfigPlanner.fr.resx	resx	retain		Preserve neutral/culture resource until AXAML localization mapping is verified.
GCSViews/ConfigurationView/ConfigPlanner.id-ID.resx	resx	retain		Preserve neutral/culture resource until AXAML localization mapping is verified.
GCSViews/ConfigurationView/ConfigPlanner.it-IT.resx	resx	retain		Preserve neutral/culture resource until AXAML localization mapping is verified.
GCSViews/ConfigurationView/ConfigPlanner.ja-JP.resx	resx	retain		Preserve neutral/culture resource until AXAML localization mapping is verified.
GCSViews/ConfigurationView/ConfigPlanner.ko-KR.resx	resx	retain		Preserve neutral/culture resource until AXAML localization mapping is verified.
GCSViews/ConfigurationView/ConfigPlanner.pt.resx	resx	retain		Preserve neutral/culture resource until AXAML localization mapping is verified.
GCSViews/ConfigurationView/ConfigPlanner.resx	resx	retain		Preserve neutral/culture resource until AXAML localization mapping is verified.
GCSViews/ConfigurationView/ConfigPlanner.ru-KZ.resx	resx	retain		Preserve neutral/culture resource until AXAML localization mapping is verified.
GCSViews/ConfigurationView/ConfigPlanner.tr.resx	resx	retain		Preserve neutral/culture resource until AXAML localization mapping is verified.
GCSViews/ConfigurationView/ConfigPlanner.uk.resx	resx	retain		Preserve neutral/culture resource until AXAML localization mapping is verified.
GCSViews/ConfigurationView/ConfigPlanner.zh-Hans.resx	resx	retain		Preserve neutral/culture resource until AXAML localization mapping is verified.
GCSViews/ConfigurationView/ConfigPlanner.zh-Hant.resx	resx	retain		Preserve neutral/culture resource until AXAML localization mapping is verified.
GCSViews/ConfigurationView/ConfigPlanner.zh-TW.resx	resx	retain		Preserve neutral/culture resource until AXAML localization mapping is verified.
GCSViews/ConfigurationView/ConfigPlannerAdv.Designer.cs	csharp	replace	GCSViews/ConfigurationView/ConfigPlannerAdvView.axaml;ViewModels/GCSViews/ConfigurationView/ConfigPlannerAdvViewModel.cs	Mapped to the listed native Avalonia artifacts; feature-level parity and deliberate safety differences are recorded in Porting/Reference/PORT_STATUS.md.
GCSViews/ConfigurationView/ConfigPlannerAdv.cs	csharp	replace	GCSViews/ConfigurationView/ConfigPlannerAdvView.axaml;ViewModels/GCSViews/ConfigurationView/ConfigPlannerAdvViewModel.cs	Mapped to the listed native Avalonia artifacts; feature-level parity and deliberate safety differences are recorded in Porting/Reference/PORT_STATUS.md.
GCSViews/ConfigurationView/ConfigREPL.Designer.cs	csharp	replace	GCSViews/ConfigurationView/ConfigOnboardReplView.axaml;ViewModels/GCSViews/ConfigurationView/ConfigOnboardReplViewModel.cs;GCSViews/ConfigurationView/ConfigScriptReplView.axaml;ViewModels/GCSViews/ConfigurationView/ConfigScriptReplViewModel.cs	Mapped to the listed native Avalonia artifacts; feature-level parity and deliberate safety differences are recorded in Porting/Reference/PORT_STATUS.md.
GCSViews/ConfigurationView/ConfigREPL.cs	csharp	replace	GCSViews/ConfigurationView/ConfigOnboardReplView.axaml;ViewModels/GCSViews/ConfigurationView/ConfigOnboardReplViewModel.cs;GCSViews/ConfigurationView/ConfigScriptReplView.axaml;ViewModels/GCSViews/ConfigurationView/ConfigScriptReplViewModel.cs	Mapped to the listed native Avalonia artifacts; feature-level parity and deliberate safety differences are recorded in Porting/Reference/PORT_STATUS.md.
GCSViews/ConfigurationView/ConfigREPL.ko-KR.resx	resx	retain		Preserve neutral/culture resource until AXAML localization mapping is verified.
GCSViews/ConfigurationView/ConfigREPL.resx	resx	retain		Preserve neutral/culture resource until AXAML localization mapping is verified.
GCSViews/ConfigurationView/ConfigREPL.uk.resx	resx	retain		Preserve neutral/culture resource until AXAML localization mapping is verified.
GCSViews/ConfigurationView/ConfigRadioInput.Designer.cs	csharp	replace	GCSViews/ConfigurationView/ConfigRadioInputView.axaml;ViewModels/GCSViews/ConfigurationView/ConfigRadioInputViewModel.cs	Mapped to the listed native Avalonia artifacts; feature-level parity and deliberate safety differences are recorded in Porting/Reference/PORT_STATUS.md.
GCSViews/ConfigurationView/ConfigRadioInput.ar.resx	resx	retain		Preserve neutral/culture resource until AXAML localization mapping is verified.
GCSViews/ConfigurationView/ConfigRadioInput.az-Latn-AZ.resx	resx	retain		Preserve neutral/culture resource until AXAML localization mapping is verified.
GCSViews/ConfigurationView/ConfigRadioInput.cs	csharp	replace	GCSViews/ConfigurationView/ConfigRadioInputView.axaml;ViewModels/GCSViews/ConfigurationView/ConfigRadioInputViewModel.cs	Mapped to the listed native Avalonia artifacts; feature-level parity and deliberate safety differences are recorded in Porting/Reference/PORT_STATUS.md.
GCSViews/ConfigurationView/ConfigRadioInput.de-DE.resx	resx	retain		Preserve neutral/culture resource until AXAML localization mapping is verified.
GCSViews/ConfigurationView/ConfigRadioInput.es-ES.resx	resx	retain		Preserve neutral/culture resource until AXAML localization mapping is verified.
GCSViews/ConfigurationView/ConfigRadioInput.fr.resx	resx	retain		Preserve neutral/culture resource until AXAML localization mapping is verified.
GCSViews/ConfigurationView/ConfigRadioInput.id-ID.resx	resx	retain		Preserve neutral/culture resource until AXAML localization mapping is verified.
GCSViews/ConfigurationView/ConfigRadioInput.it-IT.resx	resx	retain		Preserve neutral/culture resource until AXAML localization mapping is verified.
GCSViews/ConfigurationView/ConfigRadioInput.ja-JP.resx	resx	retain		Preserve neutral/culture resource until AXAML localization mapping is verified.
GCSViews/ConfigurationView/ConfigRadioInput.ko-KR.resx	resx	retain		Preserve neutral/culture resource until AXAML localization mapping is verified.
GCSViews/ConfigurationView/ConfigRadioInput.pl.resx	resx	retain		Preserve neutral/culture resource until AXAML localization mapping is verified.
GCSViews/ConfigurationView/ConfigRadioInput.pt.resx	resx	retain		Preserve neutral/culture resource until AXAML localization mapping is verified.
GCSViews/ConfigurationView/ConfigRadioInput.resx	resx	retain		Preserve neutral/culture resource until AXAML localization mapping is verified.
GCSViews/ConfigurationView/ConfigRadioInput.ru-KZ.resx	resx	retain		Preserve neutral/culture resource until AXAML localization mapping is verified.
GCSViews/ConfigurationView/ConfigRadioInput.tr.resx	resx	retain		Preserve neutral/culture resource until AXAML localization mapping is verified.
GCSViews/ConfigurationView/ConfigRadioInput.uk.resx	resx	retain		Preserve neutral/culture resource until AXAML localization mapping is verified.
GCSViews/ConfigurationView/ConfigRadioInput.zh-Hans.resx	resx	retain		Preserve neutral/culture resource until AXAML localization mapping is verified.
GCSViews/ConfigurationView/ConfigRadioInput.zh-Hant.resx	resx	retain		Preserve neutral/culture resource until AXAML localization mapping is verified.
GCSViews/ConfigurationView/ConfigRadioInput.zh-TW.resx	resx	retain		Preserve neutral/culture resource until AXAML localization mapping is verified.
GCSViews/ConfigurationView/ConfigRadioOutput.Designer.cs	csharp	replace	GCSViews/ConfigurationView/ConfigRadioOutputView.axaml;ViewModels/GCSViews/ConfigurationView/ConfigRadioOutputViewModel.cs	Mapped to the listed native Avalonia artifacts; feature-level parity and deliberate safety differences are recorded in Porting/Reference/PORT_STATUS.md.
GCSViews/ConfigurationView/ConfigRadioOutput.cs	csharp	replace	GCSViews/ConfigurationView/ConfigRadioOutputView.axaml;ViewModels/GCSViews/ConfigurationView/ConfigRadioOutputViewModel.cs	Mapped to the listed native Avalonia artifacts; feature-level parity and deliberate safety differences are recorded in Porting/Reference/PORT_STATUS.md.
GCSViews/ConfigurationView/ConfigRadioOutput.resx	resx	retain		Preserve neutral/culture resource until AXAML localization mapping is verified.
GCSViews/ConfigurationView/ConfigRawParams.Designer.cs	csharp	replace	Views/RawParamsView.axaml;ViewModels/RawParamsViewModel.cs	Mapped to the listed native Avalonia artifacts; feature-level parity and deliberate safety differences are recorded in Porting/Reference/PORT_STATUS.md.
GCSViews/ConfigurationView/ConfigRawParams.ar.resx	resx	retain		Preserve neutral/culture resource until AXAML localization mapping is verified.
GCSViews/ConfigurationView/ConfigRawParams.az-Latn-AZ.resx	resx	retain		Preserve neutral/culture resource until AXAML localization mapping is verified.
GCSViews/ConfigurationView/ConfigRawParams.cs	csharp	replace	Views/RawParamsView.axaml;ViewModels/RawParamsViewModel.cs	Mapped to the listed native Avalonia artifacts; feature-level parity and deliberate safety differences are recorded in Porting/Reference/PORT_STATUS.md.
GCSViews/ConfigurationView/ConfigRawParams.de-DE.resx	resx	retain		Preserve neutral/culture resource until AXAML localization mapping is verified.
GCSViews/ConfigurationView/ConfigRawParams.fr.resx	resx	retain		Preserve neutral/culture resource until AXAML localization mapping is verified.
GCSViews/ConfigurationView/ConfigRawParams.id-ID.resx	resx	retain		Preserve neutral/culture resource until AXAML localization mapping is verified.
GCSViews/ConfigurationView/ConfigRawParams.it-IT.resx	resx	retain		Preserve neutral/culture resource until AXAML localization mapping is verified.
GCSViews/ConfigurationView/ConfigRawParams.ja-JP.resx	resx	retain		Preserve neutral/culture resource until AXAML localization mapping is verified.
GCSViews/ConfigurationView/ConfigRawParams.ko-KR.resx	resx	retain		Preserve neutral/culture resource until AXAML localization mapping is verified.
GCSViews/ConfigurationView/ConfigRawParams.pt.resx	resx	retain		Preserve neutral/culture resource until AXAML localization mapping is verified.
GCSViews/ConfigurationView/ConfigRawParams.resx	resx	retain		Preserve neutral/culture resource until AXAML localization mapping is verified.
GCSViews/ConfigurationView/ConfigRawParams.ru-KZ.resx	resx	retain		Preserve neutral/culture resource until AXAML localization mapping is verified.
GCSViews/ConfigurationView/ConfigRawParams.tr.resx	resx	retain		Preserve neutral/culture resource until AXAML localization mapping is verified.
GCSViews/ConfigurationView/ConfigRawParams.uk.resx	resx	retain		Preserve neutral/culture resource until AXAML localization mapping is verified.
GCSViews/ConfigurationView/ConfigRawParams.zh-Hans.resx	resx	retain		Preserve neutral/culture resource until AXAML localization mapping is verified.
GCSViews/ConfigurationView/ConfigRawParams.zh-Hant.resx	resx	retain		Preserve neutral/culture resource until AXAML localization mapping is verified.
GCSViews/ConfigurationView/ConfigRawParams.zh-TW.resx	resx	retain		Preserve neutral/culture resource until AXAML localization mapping is verified.
GCSViews/ConfigurationView/ConfigSecure.Designer.cs	csharp	replace	GCSViews/ConfigurationView/ConfigSecureView.axaml;ViewModels/GCSViews/ConfigurationView/ConfigSecureViewModel.cs	Mapped to the listed native Avalonia artifacts; feature-level parity and deliberate safety differences are recorded in Porting/Reference/PORT_STATUS.md.
GCSViews/ConfigurationView/ConfigSecure.cs	csharp	replace	GCSViews/ConfigurationView/ConfigSecureView.axaml;ViewModels/GCSViews/ConfigurationView/ConfigSecureViewModel.cs	Mapped to the listed native Avalonia artifacts; feature-level parity and deliberate safety differences are recorded in Porting/Reference/PORT_STATUS.md.
GCSViews/ConfigurationView/ConfigSecure.resx	resx	retain		Preserve neutral/culture resource until AXAML localization mapping is verified.
GCSViews/ConfigurationView/ConfigSecureAP.Designer.cs	csharp	replace	GCSViews/ConfigurationView/ConfigSecureApView.axaml;ViewModels/GCSViews/ConfigurationView/ConfigSecureApViewModel.cs	Mapped to the listed native Avalonia artifacts; feature-level parity and deliberate safety differences are recorded in Porting/Reference/PORT_STATUS.md.
GCSViews/ConfigurationView/ConfigSecureAP.cs	csharp	replace	GCSViews/ConfigurationView/ConfigSecureApView.axaml;ViewModels/GCSViews/ConfigurationView/ConfigSecureApViewModel.cs	Mapped to the listed native Avalonia artifacts; feature-level parity and deliberate safety differences are recorded in Porting/Reference/PORT_STATUS.md.
GCSViews/ConfigurationView/ConfigSecureAP.resx	resx	retain		Preserve neutral/culture resource until AXAML localization mapping is verified.
GCSViews/ConfigurationView/ConfigSerial.Designer.cs	csharp	replace	GCSViews/ConfigurationView/ConfigSerialView.axaml;ViewModels/GCSViews/ConfigurationView/ConfigSerialViewModel.cs	Mapped to the listed native Avalonia artifacts; feature-level parity and deliberate safety differences are recorded in Porting/Reference/PORT_STATUS.md.
GCSViews/ConfigurationView/ConfigSerial.cs	csharp	replace	GCSViews/ConfigurationView/ConfigSerialView.axaml;ViewModels/GCSViews/ConfigurationView/ConfigSerialViewModel.cs	Mapped to the listed native Avalonia artifacts; feature-level parity and deliberate safety differences are recorded in Porting/Reference/PORT_STATUS.md.
GCSViews/ConfigurationView/ConfigSerial.resx	resx	retain		Preserve neutral/culture resource until AXAML localization mapping is verified.
GCSViews/ConfigurationView/ConfigSerialInjectGPS.Designer.cs	csharp	replace	GCSViews/ConfigurationView/ConfigGpsInjectView.axaml;ViewModels/GCSViews/ConfigurationView/ConfigGpsInjectViewModel.cs	Mapped to the listed native Avalonia artifacts; feature-level parity and deliberate safety differences are recorded in Porting/Reference/PORT_STATUS.md.
GCSViews/ConfigurationView/ConfigSerialInjectGPS.ar.resx	resx	retain		Preserve neutral/culture resource until AXAML localization mapping is verified.
GCSViews/ConfigurationView/ConfigSerialInjectGPS.az-Latn-AZ.resx	resx	retain		Preserve neutral/culture resource until AXAML localization mapping is verified.
GCSViews/ConfigurationView/ConfigSerialInjectGPS.cs	csharp	replace	GCSViews/ConfigurationView/ConfigGpsInjectView.axaml;ViewModels/GCSViews/ConfigurationView/ConfigGpsInjectViewModel.cs	Mapped to the listed native Avalonia artifacts; feature-level parity and deliberate safety differences are recorded in Porting/Reference/PORT_STATUS.md.
GCSViews/ConfigurationView/ConfigSerialInjectGPS.de-DE.resx	resx	retain		Preserve neutral/culture resource until AXAML localization mapping is verified.
GCSViews/ConfigurationView/ConfigSerialInjectGPS.id-ID.resx	resx	retain		Preserve neutral/culture resource until AXAML localization mapping is verified.
GCSViews/ConfigurationView/ConfigSerialInjectGPS.ja-JP.resx	resx	retain		Preserve neutral/culture resource until AXAML localization mapping is verified.
GCSViews/ConfigurationView/ConfigSerialInjectGPS.ko-KR.resx	resx	retain		Preserve neutral/culture resource until AXAML localization mapping is verified.
GCSViews/ConfigurationView/ConfigSerialInjectGPS.pt.resx	resx	retain		Preserve neutral/culture resource until AXAML localization mapping is verified.
GCSViews/ConfigurationView/ConfigSerialInjectGPS.resx	resx	retain		Preserve neutral/culture resource until AXAML localization mapping is verified.
GCSViews/ConfigurationView/ConfigSerialInjectGPS.ru-KZ.resx	resx	retain		Preserve neutral/culture resource until AXAML localization mapping is verified.
GCSViews/ConfigurationView/ConfigSerialInjectGPS.tr.resx	resx	retain		Preserve neutral/culture resource until AXAML localization mapping is verified.
GCSViews/ConfigurationView/ConfigSerialInjectGPS.uk.resx	resx	retain		Preserve neutral/culture resource until AXAML localization mapping is verified.
GCSViews/ConfigurationView/ConfigSerialInjectGPS.zh-CN.resx	resx	retain		Preserve neutral/culture resource until AXAML localization mapping is verified.
GCSViews/ConfigurationView/ConfigSimplePids.Designer.cs	csharp	replace	GCSViews/ConfigurationView/ConfigBasicTuningView.axaml;ViewModels/GCSViews/ConfigurationView/ConfigBasicTuningViewModel.cs	Mapped to the listed native Avalonia artifacts; feature-level parity and deliberate safety differences are recorded in Porting/Reference/PORT_STATUS.md.
GCSViews/ConfigurationView/ConfigSimplePids.ar.resx	resx	retain		Preserve neutral/culture resource until AXAML localization mapping is verified.
GCSViews/ConfigurationView/ConfigSimplePids.az-Latn-AZ.resx	resx	retain		Preserve neutral/culture resource until AXAML localization mapping is verified.
GCSViews/ConfigurationView/ConfigSimplePids.cs	csharp	replace	GCSViews/ConfigurationView/ConfigBasicTuningView.axaml;ViewModels/GCSViews/ConfigurationView/ConfigBasicTuningViewModel.cs	Mapped to the listed native Avalonia artifacts; feature-level parity and deliberate safety differences are recorded in Porting/Reference/PORT_STATUS.md.
GCSViews/ConfigurationView/ConfigSimplePids.de-DE.resx	resx	retain		Preserve neutral/culture resource until AXAML localization mapping is verified.
GCSViews/ConfigurationView/ConfigSimplePids.id-ID.resx	resx	retain		Preserve neutral/culture resource until AXAML localization mapping is verified.
GCSViews/ConfigurationView/ConfigSimplePids.ja-JP.resx	resx	retain		Preserve neutral/culture resource until AXAML localization mapping is verified.
GCSViews/ConfigurationView/ConfigSimplePids.ko-KR.resx	resx	retain		Preserve neutral/culture resource until AXAML localization mapping is verified.
GCSViews/ConfigurationView/ConfigSimplePids.pt.resx	resx	retain		Preserve neutral/culture resource until AXAML localization mapping is verified.
GCSViews/ConfigurationView/ConfigSimplePids.resx	resx	retain		Preserve neutral/culture resource until AXAML localization mapping is verified.
GCSViews/ConfigurationView/ConfigSimplePids.ru-KZ.resx	resx	retain		Preserve neutral/culture resource until AXAML localization mapping is verified.
GCSViews/ConfigurationView/ConfigSimplePids.tr.resx	resx	retain		Preserve neutral/culture resource until AXAML localization mapping is verified.
GCSViews/ConfigurationView/ConfigSimplePids.uk.resx	resx	retain		Preserve neutral/culture resource until AXAML localization mapping is verified.
GCSViews/ConfigurationView/ConfigSimplePids.zh-Hans.resx	resx	retain		Preserve neutral/culture resource until AXAML localization mapping is verified.
GCSViews/ConfigurationView/ConfigTerminal.Designer.cs	csharp	replace	GCSViews/ConfigurationView/ConfigTerminalView.axaml;ViewModels/GCSViews/ConfigurationView/ConfigTerminalViewModel.cs	Mapped to the listed native Avalonia artifacts; feature-level parity and deliberate safety differences are recorded in Porting/Reference/PORT_STATUS.md.
GCSViews/ConfigurationView/ConfigTerminal.ar.resx	resx	retain		Preserve neutral/culture resource until AXAML localization mapping is verified.
GCSViews/ConfigurationView/ConfigTerminal.az-Latn-AZ.resx	resx	retain		Preserve neutral/culture resource until AXAML localization mapping is verified.
GCSViews/ConfigurationView/ConfigTerminal.cs	csharp	replace	GCSViews/ConfigurationView/ConfigTerminalView.axaml;ViewModels/GCSViews/ConfigurationView/ConfigTerminalViewModel.cs	Mapped to the listed native Avalonia artifacts; feature-level parity and deliberate safety differences are recorded in Porting/Reference/PORT_STATUS.md.
GCSViews/ConfigurationView/ConfigTerminal.de-DE.resx	resx	retain		Preserve neutral/culture resource until AXAML localization mapping is verified.
GCSViews/ConfigurationView/ConfigTerminal.es-ES.resx	resx	retain		Preserve neutral/culture resource until AXAML localization mapping is verified.
GCSViews/ConfigurationView/ConfigTerminal.fr.resx	resx	retain		Preserve neutral/culture resource until AXAML localization mapping is verified.
GCSViews/ConfigurationView/ConfigTerminal.id-ID.resx	resx	retain		Preserve neutral/culture resource until AXAML localization mapping is verified.
GCSViews/ConfigurationView/ConfigTerminal.it-IT.resx	resx	retain		Preserve neutral/culture resource until AXAML localization mapping is verified.
GCSViews/ConfigurationView/ConfigTerminal.ja-JP.resx	resx	retain		Preserve neutral/culture resource until AXAML localization mapping is verified.
GCSViews/ConfigurationView/ConfigTerminal.ko-KR.resx	resx	retain		Preserve neutral/culture resource until AXAML localization mapping is verified.
GCSViews/ConfigurationView/ConfigTerminal.pl.resx	resx	retain		Preserve neutral/culture resource until AXAML localization mapping is verified.
GCSViews/ConfigurationView/ConfigTerminal.pt.resx	resx	retain		Preserve neutral/culture resource until AXAML localization mapping is verified.
GCSViews/ConfigurationView/ConfigTerminal.resx	resx	retain		Preserve neutral/culture resource until AXAML localization mapping is verified.
GCSViews/ConfigurationView/ConfigTerminal.ru-KZ.resx	resx	retain		Preserve neutral/culture resource until AXAML localization mapping is verified.
GCSViews/ConfigurationView/ConfigTerminal.ru-RU.resx	resx	retain		Preserve neutral/culture resource until AXAML localization mapping is verified.
GCSViews/ConfigurationView/ConfigTerminal.tr.resx	resx	retain		Preserve neutral/culture resource until AXAML localization mapping is verified.
GCSViews/ConfigurationView/ConfigTerminal.uk.resx	resx	retain		Preserve neutral/culture resource until AXAML localization mapping is verified.
GCSViews/ConfigurationView/ConfigTerminal.zh-Hans.resx	resx	retain		Preserve neutral/culture resource until AXAML localization mapping is verified.
GCSViews/ConfigurationView/ConfigTerminal.zh-Hant.resx	resx	retain		Preserve neutral/culture resource until AXAML localization mapping is verified.
GCSViews/ConfigurationView/ConfigTerminal.zh-TW.resx	resx	retain		Preserve neutral/culture resource until AXAML localization mapping is verified.
GCSViews/ConfigurationView/ConfigTradHeli.Designer.cs	csharp	replace	GCSViews/ConfigurationView/ConfigTradHeliView.axaml;ViewModels/GCSViews/ConfigurationView/ConfigTradHeliViewModel.cs	Mapped to the listed native Avalonia artifacts; feature-level parity and deliberate safety differences are recorded in Porting/Reference/PORT_STATUS.md.
GCSViews/ConfigurationView/ConfigTradHeli.ar.resx	resx	retain		Preserve neutral/culture resource until AXAML localization mapping is verified.
GCSViews/ConfigurationView/ConfigTradHeli.az-Latn-AZ.resx	resx	retain		Preserve neutral/culture resource until AXAML localization mapping is verified.
GCSViews/ConfigurationView/ConfigTradHeli.cs	csharp	replace	GCSViews/ConfigurationView/ConfigTradHeliView.axaml;ViewModels/GCSViews/ConfigurationView/ConfigTradHeliViewModel.cs	Mapped to the listed native Avalonia artifacts; feature-level parity and deliberate safety differences are recorded in Porting/Reference/PORT_STATUS.md.
GCSViews/ConfigurationView/ConfigTradHeli.de-DE.resx	resx	retain		Preserve neutral/culture resource until AXAML localization mapping is verified.
GCSViews/ConfigurationView/ConfigTradHeli.es-ES.resx	resx	retain		Preserve neutral/culture resource until AXAML localization mapping is verified.
GCSViews/ConfigurationView/ConfigTradHeli.fr.resx	resx	retain		Preserve neutral/culture resource until AXAML localization mapping is verified.
GCSViews/ConfigurationView/ConfigTradHeli.id-ID.resx	resx	retain		Preserve neutral/culture resource until AXAML localization mapping is verified.
GCSViews/ConfigurationView/ConfigTradHeli.it-IT.resx	resx	retain		Preserve neutral/culture resource until AXAML localization mapping is verified.
GCSViews/ConfigurationView/ConfigTradHeli.ja-JP.resx	resx	retain		Preserve neutral/culture resource until AXAML localization mapping is verified.
GCSViews/ConfigurationView/ConfigTradHeli.ko-KR.resx	resx	retain		Preserve neutral/culture resource until AXAML localization mapping is verified.
GCSViews/ConfigurationView/ConfigTradHeli.pl.resx	resx	retain		Preserve neutral/culture resource until AXAML localization mapping is verified.
GCSViews/ConfigurationView/ConfigTradHeli.pt.resx	resx	retain		Preserve neutral/culture resource until AXAML localization mapping is verified.
GCSViews/ConfigurationView/ConfigTradHeli.resx	resx	retain		Preserve neutral/culture resource until AXAML localization mapping is verified.
GCSViews/ConfigurationView/ConfigTradHeli.ru-KZ.resx	resx	retain		Preserve neutral/culture resource until AXAML localization mapping is verified.
GCSViews/ConfigurationView/ConfigTradHeli.tr.resx	resx	retain		Preserve neutral/culture resource until AXAML localization mapping is verified.
GCSViews/ConfigurationView/ConfigTradHeli.uk.resx	resx	retain		Preserve neutral/culture resource until AXAML localization mapping is verified.
GCSViews/ConfigurationView/ConfigTradHeli.zh-Hans.resx	resx	retain		Preserve neutral/culture resource until AXAML localization mapping is verified.
GCSViews/ConfigurationView/ConfigTradHeli.zh-TW.resx	resx	retain		Preserve neutral/culture resource until AXAML localization mapping is verified.
GCSViews/ConfigurationView/ConfigTradHeli4.Designer.cs	csharp	replace	GCSViews/ConfigurationView/ConfigTradHeli4View.axaml;ViewModels/GCSViews/ConfigurationView/ConfigTradHeli4ViewModel.cs	Mapped to the listed native Avalonia artifacts; feature-level parity and deliberate safety differences are recorded in Porting/Reference/PORT_STATUS.md.
GCSViews/ConfigurationView/ConfigTradHeli4.cs	csharp	replace	GCSViews/ConfigurationView/ConfigTradHeli4View.axaml;ViewModels/GCSViews/ConfigurationView/ConfigTradHeli4ViewModel.cs	Mapped to the listed native Avalonia artifacts; feature-level parity and deliberate safety differences are recorded in Porting/Reference/PORT_STATUS.md.
GCSViews/ConfigurationView/ConfigTradHeli4.resx	resx	retain		Preserve neutral/culture resource until AXAML localization mapping is verified.
GCSViews/ConfigurationView/ConfigUserDefined.Designer.cs	csharp	replace	GCSViews/ConfigurationView/ConfigUserDefinedView.axaml;ViewModels/GCSViews/ConfigurationView/ConfigUserDefinedViewModel.cs	Mapped to the listed native Avalonia artifacts; feature-level parity and deliberate safety differences are recorded in Porting/Reference/PORT_STATUS.md.
GCSViews/ConfigurationView/ConfigUserDefined.cs	csharp	replace	GCSViews/ConfigurationView/ConfigUserDefinedView.axaml;ViewModels/GCSViews/ConfigurationView/ConfigUserDefinedViewModel.cs	Mapped to the listed native Avalonia artifacts; feature-level parity and deliberate safety differences are recorded in Porting/Reference/PORT_STATUS.md.
GCSViews/ConfigurationView/ConfigUserDefined.resx	resx	retain		Preserve neutral/culture resource until AXAML localization mapping is verified.
GCSViews/ConfigurationView/DeviceInfo.cs	csharp	replace	GCSViews/ConfigurationView/ConfigDroneCanView.axaml;ViewModels/GCSViews/ConfigurationView/ConfigDroneCanViewModel.cs	Mapped to the listed native Avalonia artifacts; feature-level parity and deliberate safety differences are recorded in Porting/Reference/PORT_STATUS.md.
GCSViews/ConfigurationView/DroneCANModel.cs	csharp	replace	GCSViews/ConfigurationView/ConfigDroneCanView.axaml;ViewModels/GCSViews/ConfigurationView/ConfigDroneCanViewModel.cs	Mapped to the listed native Avalonia artifacts; feature-level parity and deliberate safety differences are recorded in Porting/Reference/PORT_STATUS.md.
GCSViews/ConfigurationView/uitype.cs	csharp	replace	GCSViews/ConfigurationView/ConfigDroneCanView.axaml;ViewModels/GCSViews/ConfigurationView/ConfigDroneCanViewModel.cs	Mapped to the listed native Avalonia artifacts; feature-level parity and deliberate safety differences are recorded in Porting/Reference/PORT_STATUS.md.
GCSViews/FlightData.Designer.cs	csharp	replace	GCSViews/FlightDataView.axaml;GCSViews/FlightDataView.axaml.cs;ViewModels/FlightDataViewModel.cs	Flight Data Avalonia replacement with splitter/session/airport fixes.
GCSViews/FlightData.ar.resx	resx	retain		Preserve neutral/culture resource until AXAML localization mapping is verified.
GCSViews/FlightData.az-Latn-AZ.resx	resx	retain		Preserve neutral/culture resource until AXAML localization mapping is verified.
GCSViews/FlightData.cs	csharp	replace	GCSViews/FlightDataView.axaml;GCSViews/FlightDataView.axaml.cs;ViewModels/FlightDataViewModel.cs	Flight Data Avalonia replacement with splitter/session/airport fixes.
GCSViews/FlightData.de-DE.resx	resx	retain		Preserve neutral/culture resource until AXAML localization mapping is verified.
GCSViews/FlightData.es-ES.resx	resx	retain		Preserve neutral/culture resource until AXAML localization mapping is verified.
GCSViews/FlightData.fr.resx	resx	retain		Preserve neutral/culture resource until AXAML localization mapping is verified.
GCSViews/FlightData.id-ID.resx	resx	retain		Preserve neutral/culture resource until AXAML localization mapping is verified.
GCSViews/FlightData.it-IT.resx	resx	retain		Preserve neutral/culture resource until AXAML localization mapping is verified.
GCSViews/FlightData.ja-JP.resx	resx	retain		Preserve neutral/culture resource until AXAML localization mapping is verified.
GCSViews/FlightData.ko-KR.resx	resx	retain		Preserve neutral/culture resource until AXAML localization mapping is verified.
GCSViews/FlightData.pl.resx	resx	retain		Preserve neutral/culture resource until AXAML localization mapping is verified.
GCSViews/FlightData.pt.resx	resx	retain		Preserve neutral/culture resource until AXAML localization mapping is verified.
GCSViews/FlightData.resx	resx	retain		Preserve neutral/culture resource until AXAML localization mapping is verified.
GCSViews/FlightData.ru-KZ.resx	resx	retain		Preserve neutral/culture resource until AXAML localization mapping is verified.
GCSViews/FlightData.ru-RU.resx	resx	retain		Preserve neutral/culture resource until AXAML localization mapping is verified.
GCSViews/FlightData.tr.resx	resx	retain		Preserve neutral/culture resource until AXAML localization mapping is verified.
GCSViews/FlightData.uk.resx	resx	retain		Preserve neutral/culture resource until AXAML localization mapping is verified.
GCSViews/FlightData.zh-Hans.resx	resx	retain		Preserve neutral/culture resource until AXAML localization mapping is verified.
GCSViews/FlightData.zh-Hant.resx	resx	retain		Preserve neutral/culture resource until AXAML localization mapping is verified.
GCSViews/FlightData.zh-TW.resx	resx	retain		Preserve neutral/culture resource until AXAML localization mapping is verified.
GCSViews/FlightPlanner.Designer.cs	csharp	replace	GCSViews/FlightPlannerView.axaml;GCSViews/FlightPlannerView.axaml.cs;ViewModels/FlightPlannerViewModel.cs	Flight Planner Avalonia replacement.
GCSViews/FlightPlanner.ar.resx	resx	retain		Preserve neutral/culture resource until AXAML localization mapping is verified.
GCSViews/FlightPlanner.az-Latn-AZ.resx	resx	retain		Preserve neutral/culture resource until AXAML localization mapping is verified.
GCSViews/FlightPlanner.cs	csharp	replace	GCSViews/FlightPlannerView.axaml;GCSViews/FlightPlannerView.axaml.cs;ViewModels/FlightPlannerViewModel.cs	Flight Planner Avalonia replacement.
GCSViews/FlightPlanner.de-DE.resx	resx	retain		Preserve neutral/culture resource until AXAML localization mapping is verified.
GCSViews/FlightPlanner.es-ES.resx	resx	retain		Preserve neutral/culture resource until AXAML localization mapping is verified.
GCSViews/FlightPlanner.fr.resx	resx	retain		Preserve neutral/culture resource until AXAML localization mapping is verified.
GCSViews/FlightPlanner.id-ID.resx	resx	retain		Preserve neutral/culture resource until AXAML localization mapping is verified.
GCSViews/FlightPlanner.it-IT.resx	resx	retain		Preserve neutral/culture resource until AXAML localization mapping is verified.
GCSViews/FlightPlanner.ja-JP.resx	resx	retain		Preserve neutral/culture resource until AXAML localization mapping is verified.
GCSViews/FlightPlanner.ko-KR.resx	resx	retain		Preserve neutral/culture resource until AXAML localization mapping is verified.
GCSViews/FlightPlanner.pl.resx	resx	retain		Preserve neutral/culture resource until AXAML localization mapping is verified.
GCSViews/FlightPlanner.pt.resx	resx	retain		Preserve neutral/culture resource until AXAML localization mapping is verified.
GCSViews/FlightPlanner.resx	resx	retain		Preserve neutral/culture resource until AXAML localization mapping is verified.
GCSViews/FlightPlanner.ru-KZ.resx	resx	retain		Preserve neutral/culture resource until AXAML localization mapping is verified.
GCSViews/FlightPlanner.ru-RU.resx	resx	retain		Preserve neutral/culture resource until AXAML localization mapping is verified.
GCSViews/FlightPlanner.tr.resx	resx	retain		Preserve neutral/culture resource until AXAML localization mapping is verified.
GCSViews/FlightPlanner.uk.resx	resx	retain		Preserve neutral/culture resource until AXAML localization mapping is verified.
GCSViews/FlightPlanner.zh-Hans.resx	resx	retain		Preserve neutral/culture resource until AXAML localization mapping is verified.
GCSViews/FlightPlanner.zh-Hant.resx	resx	retain		Preserve neutral/culture resource until AXAML localization mapping is verified.
GCSViews/FlightPlanner.zh-TW.resx	resx	retain		Preserve neutral/culture resource until AXAML localization mapping is verified.
GCSViews/Help.Designer.cs	csharp	replace	Views/HelpView.axaml;ViewModels/HelpViewModel.cs	Mapped to the listed native Avalonia artifacts; feature-level parity and deliberate safety differences are recorded in Porting/Reference/PORT_STATUS.md.
GCSViews/Help.ar.resx	resx	retain		Preserve neutral/culture resource until AXAML localization mapping is verified.
GCSViews/Help.az-Latn-AZ.resx	resx	retain		Preserve neutral/culture resource until AXAML localization mapping is verified.
GCSViews/Help.cs	csharp	replace	Views/HelpView.axaml;ViewModels/HelpViewModel.cs	Mapped to the listed native Avalonia artifacts; feature-level parity and deliberate safety differences are recorded in Porting/Reference/PORT_STATUS.md.
GCSViews/Help.de-DE.resx	resx	retain		Preserve neutral/culture resource until AXAML localization mapping is verified.
GCSViews/Help.es-ES.resx	resx	retain		Preserve neutral/culture resource until AXAML localization mapping is verified.
GCSViews/Help.fr.resx	resx	retain		Preserve neutral/culture resource until AXAML localization mapping is verified.
GCSViews/Help.id-ID.resx	resx	retain		Preserve neutral/culture resource until AXAML localization mapping is verified.
GCSViews/Help.it-IT.resx	resx	retain		Preserve neutral/culture resource until AXAML localization mapping is verified.
GCSViews/Help.ja-JP.resx	resx	retain		Preserve neutral/culture resource until AXAML localization mapping is verified.
GCSViews/Help.ko-KR.resx	resx	retain		Preserve neutral/culture resource until AXAML localization mapping is verified.
GCSViews/Help.pl.resx	resx	retain		Preserve neutral/culture resource until AXAML localization mapping is verified.
GCSViews/Help.pt.resx	resx	retain		Preserve neutral/culture resource until AXAML localization mapping is verified.
GCSViews/Help.resx	resx	retain		Preserve neutral/culture resource until AXAML localization mapping is verified.
GCSViews/Help.ru-KZ.resx	resx	retain		Preserve neutral/culture resource until AXAML localization mapping is verified.
GCSViews/Help.ru-RU.resx	resx	retain		Preserve neutral/culture resource until AXAML localization mapping is verified.
GCSViews/Help.tr.resx	resx	retain		Preserve neutral/culture resource until AXAML localization mapping is verified.
GCSViews/Help.uk.resx	resx	retain		Preserve neutral/culture resource until AXAML localization mapping is verified.
GCSViews/Help.zh-Hans.resx	resx	retain		Preserve neutral/culture resource until AXAML localization mapping is verified.
GCSViews/Help.zh-Hant.resx	resx	retain		Preserve neutral/culture resource until AXAML localization mapping is verified.
GCSViews/Help.zh-TW.resx	resx	retain		Preserve neutral/culture resource until AXAML localization mapping is verified.
GCSViews/InitialSetup.Designer.cs	csharp	replace	GCSViews/SetupView.axaml;ViewModels/SetupViewModel.cs	Mapped to the listed native Avalonia artifacts; feature-level parity and deliberate safety differences are recorded in Porting/Reference/PORT_STATUS.md.
GCSViews/InitialSetup.ar.resx	resx	retain		Preserve neutral/culture resource until AXAML localization mapping is verified.
GCSViews/InitialSetup.az-Latn-AZ.resx	resx	retain		Preserve neutral/culture resource until AXAML localization mapping is verified.
GCSViews/InitialSetup.cs	csharp	replace	GCSViews/SetupView.axaml;ViewModels/SetupViewModel.cs	Mapped to the listed native Avalonia artifacts; feature-level parity and deliberate safety differences are recorded in Porting/Reference/PORT_STATUS.md.
GCSViews/InitialSetup.de-DE.resx	resx	retain		Preserve neutral/culture resource until AXAML localization mapping is verified.
GCSViews/InitialSetup.fr.resx	resx	retain		Preserve neutral/culture resource until AXAML localization mapping is verified.
GCSViews/InitialSetup.id-ID.resx	resx	retain		Preserve neutral/culture resource until AXAML localization mapping is verified.
GCSViews/InitialSetup.ja-JP.resx	resx	retain		Preserve neutral/culture resource until AXAML localization mapping is verified.
GCSViews/InitialSetup.ko-KR.resx	resx	retain		Preserve neutral/culture resource until AXAML localization mapping is verified.
GCSViews/InitialSetup.pt.resx	resx	retain		Preserve neutral/culture resource until AXAML localization mapping is verified.
GCSViews/InitialSetup.resx	resx	retain		Preserve neutral/culture resource until AXAML localization mapping is verified.
GCSViews/InitialSetup.ru-KZ.resx	resx	retain		Preserve neutral/culture resource until AXAML localization mapping is verified.
GCSViews/InitialSetup.tr.resx	resx	retain		Preserve neutral/culture resource until AXAML localization mapping is verified.
GCSViews/InitialSetup.uk.resx	resx	retain		Preserve neutral/culture resource until AXAML localization mapping is verified.
GCSViews/InitialSetup.zh-Hans.resx	resx	retain		Preserve neutral/culture resource until AXAML localization mapping is verified.
GCSViews/InitialSetup.zh-Hant.resx	resx	retain		Preserve neutral/culture resource until AXAML localization mapping is verified.
GCSViews/InitialSetup.zh-TW.resx	resx	retain		Preserve neutral/culture resource until AXAML localization mapping is verified.
GCSViews/SITL.Designer.cs	csharp	replace	Views/SimulationView.axaml;ViewModels/SimulationViewModel.cs;Services/SitlLauncher.cs	Mapped to the listed native Avalonia artifacts; feature-level parity and deliberate safety differences are recorded in Porting/Reference/PORT_STATUS.md.
GCSViews/SITL.cs	csharp	replace	Views/SimulationView.axaml;ViewModels/SimulationViewModel.cs;Services/SitlLauncher.cs	Mapped to the listed native Avalonia artifacts; feature-level parity and deliberate safety differences are recorded in Porting/Reference/PORT_STATUS.md.
GCSViews/SITL.ko-KR.resx	resx	retain		Preserve neutral/culture resource until AXAML localization mapping is verified.
GCSViews/SITL.resx	resx	retain		Preserve neutral/culture resource until AXAML localization mapping is verified.
GCSViews/SITL.uk.resx	resx	retain		Preserve neutral/culture resource until AXAML localization mapping is verified.
GCSViews/SoftwareConfig.Designer.cs	csharp	replace	Views/ConfigView.axaml;ViewModels/ConfigViewModel.cs	Mapped to the listed native Avalonia artifacts; feature-level parity and deliberate safety differences are recorded in Porting/Reference/PORT_STATUS.md.
GCSViews/SoftwareConfig.cs	csharp	replace	Views/ConfigView.axaml;ViewModels/ConfigViewModel.cs	Mapped to the listed native Avalonia artifacts; feature-level parity and deliberate safety differences are recorded in Porting/Reference/PORT_STATUS.md.
GCSViews/SoftwareConfig.resx	resx	retain		Preserve neutral/culture resource until AXAML localization mapping is verified.
GeoRef/Georefimage.Designer.cs	csharp	replace	Views/GeoRefView.axaml;ViewModels/GeoRefViewModel.cs	The GeoRef workflow, matching modes, reports and EXIF output are ported and tested; see Porting/Reference/PORT_STATUS.md.
GeoRef/Georefimage.ar.resx	resx	retain		Preserve neutral/culture resource until AXAML localization mapping is verified.
GeoRef/Georefimage.az-Latn-AZ.resx	resx	retain		Preserve neutral/culture resource until AXAML localization mapping is verified.
GeoRef/Georefimage.de-DE.resx	resx	retain		Preserve neutral/culture resource until AXAML localization mapping is verified.
GeoRef/Georefimage.id-ID.resx	resx	retain		Preserve neutral/culture resource until AXAML localization mapping is verified.
GeoRef/Georefimage.it-IT.resx	resx	retain		Preserve neutral/culture resource until AXAML localization mapping is verified.
GeoRef/Georefimage.ja-JP.resx	resx	retain		Preserve neutral/culture resource until AXAML localization mapping is verified.
GeoRef/Georefimage.ko-KR.resx	resx	retain		Preserve neutral/culture resource until AXAML localization mapping is verified.
GeoRef/Georefimage.pt.resx	resx	retain		Preserve neutral/culture resource until AXAML localization mapping is verified.
GeoRef/Georefimage.ru-KZ.resx	resx	retain		Preserve neutral/culture resource until AXAML localization mapping is verified.
GeoRef/Georefimage.tr.resx	resx	retain		Preserve neutral/culture resource until AXAML localization mapping is verified.
GeoRef/Georefimage.uk.resx	resx	retain		Preserve neutral/culture resource until AXAML localization mapping is verified.
GeoRef/Georefimage.zh-Hans.resx	resx	retain		Preserve neutral/culture resource until AXAML localization mapping is verified.
GeoRef/georefimage.cs	csharp	replace	Views/GeoRefView.axaml;ViewModels/GeoRefViewModel.cs	The GeoRef workflow, matching modes, reports and EXIF output are ported and tested; see Porting/Reference/PORT_STATUS.md.
GeoRef/georefimage.resx	resx	retain		Preserve neutral/culture resource until AXAML localization mapping is verified.
GeoRef/georefimage.zh-Hant.resx	resx	retain		Preserve neutral/culture resource until AXAML localization mapping is verified.
GeoRef/georefimage.zh-TW.resx	resx	retain		Preserve neutral/culture resource until AXAML localization mapping is verified.
GlobalSuppressions.cs	csharp	remove	Porting/Reference/PORT_STATUS.md	The pinned file contains comments only and defines no suppression attributes. The Avalonia application builds with analyzers enabled and warnings treated as errors.
Grid/GridData.cs	csharp	retain	Grid/GridData.cs	The tested port compiled this exact native source through a temporary compatibility copy; compile it directly in-place.
Grid/GridPlugin.cs	csharp	replace	Views/GridUIView.axaml;ViewModels/GridUIViewModel.cs;ViewModels/SurveyMissionBuilder.cs;Services/SurveyGridSupport.cs	Survey Grid UI, mission generation, split flights, camera profiles and grid persistence are ported and regression-tested; see Porting/Reference/PORT_STATUS.md.
Grid/GridUI.Designer.cs	csharp	replace	Views/GridUIView.axaml;ViewModels/GridUIViewModel.cs;ViewModels/SurveyMissionBuilder.cs;Services/SurveyGridSupport.cs	Survey Grid UI, mission generation, split flights, camera profiles and grid persistence are ported and regression-tested; see Porting/Reference/PORT_STATUS.md.
Grid/GridUI.cs	csharp	replace	Views/GridUIView.axaml;ViewModels/GridUIViewModel.cs;ViewModels/SurveyMissionBuilder.cs;Services/SurveyGridSupport.cs	Survey Grid UI, mission generation, split flights, camera profiles and grid persistence are ported and regression-tested; see Porting/Reference/PORT_STATUS.md.
Grid/GridUI.ko-KR.resx	resx	retain		Preserve neutral/culture resource until AXAML localization mapping is verified.
Grid/GridUI.resx	resx	retain		Preserve neutral/culture resource until AXAML localization mapping is verified.
Grid/GridUI.ru-KZ.resx	resx	retain		Preserve neutral/culture resource until AXAML localization mapping is verified.
Grid/GridUI.tr.resx	resx	retain		Preserve neutral/culture resource until AXAML localization mapping is verified.
Grid/GridUI.uk.resx	resx	retain		Preserve neutral/culture resource until AXAML localization mapping is verified.
Grid/camerainfo.cs	csharp	replace	Views/GridUIView.axaml;ViewModels/GridUIViewModel.cs;ViewModels/SurveyMissionBuilder.cs;Services/SurveyGridSupport.cs	Survey Grid UI, mission generation, split flights, camera profiles and grid persistence are ported and regression-tested; see Porting/Reference/PORT_STATUS.md.
Joystick/Joy_Button_axis.Designer.cs	csharp	replace	GCSViews/ConfigurationView/ConfigJoystickView.axaml;ViewModels/GCSViews/ConfigurationView/ConfigJoystickViewModel.cs;Services/JoystickControl.cs;Services/JoystickInput.cs	Joystick setup/actions and the application-level sender have native Linux, Windows and macOS backends with lifecycle/mapping tests; see Porting/Reference/PORT_STATUS.md.
Joystick/Joy_Button_axis.cs	csharp	replace	GCSViews/ConfigurationView/ConfigJoystickView.axaml;ViewModels/GCSViews/ConfigurationView/ConfigJoystickViewModel.cs;Services/JoystickControl.cs;Services/JoystickInput.cs	Joystick setup/actions and the application-level sender have native Linux, Windows and macOS backends with lifecycle/mapping tests; see Porting/Reference/PORT_STATUS.md.
Joystick/Joy_Button_axis.resx	resx	retain		Preserve neutral/culture resource until AXAML localization mapping is verified.
Joystick/Joy_ChangeMode.Designer.cs	csharp	replace	GCSViews/ConfigurationView/ConfigJoystickView.axaml;ViewModels/GCSViews/ConfigurationView/ConfigJoystickViewModel.cs;Services/JoystickControl.cs;Services/JoystickInput.cs	Joystick setup/actions and the application-level sender have native Linux, Windows and macOS backends with lifecycle/mapping tests; see Porting/Reference/PORT_STATUS.md.
Joystick/Joy_ChangeMode.cs	csharp	replace	GCSViews/ConfigurationView/ConfigJoystickView.axaml;ViewModels/GCSViews/ConfigurationView/ConfigJoystickViewModel.cs;Services/JoystickControl.cs;Services/JoystickInput.cs	Joystick setup/actions and the application-level sender have native Linux, Windows and macOS backends with lifecycle/mapping tests; see Porting/Reference/PORT_STATUS.md.
Joystick/Joy_ChangeMode.resx	resx	retain		Preserve neutral/culture resource until AXAML localization mapping is verified.
Joystick/Joy_Do_Repeat_Relay.Designer.cs	csharp	replace	GCSViews/ConfigurationView/ConfigJoystickView.axaml;ViewModels/GCSViews/ConfigurationView/ConfigJoystickViewModel.cs;Services/JoystickControl.cs;Services/JoystickInput.cs	Joystick setup/actions and the application-level sender have native Linux, Windows and macOS backends with lifecycle/mapping tests; see Porting/Reference/PORT_STATUS.md.
Joystick/Joy_Do_Repeat_Relay.cs	csharp	replace	GCSViews/ConfigurationView/ConfigJoystickView.axaml;ViewModels/GCSViews/ConfigurationView/ConfigJoystickViewModel.cs;Services/JoystickControl.cs;Services/JoystickInput.cs	Joystick setup/actions and the application-level sender have native Linux, Windows and macOS backends with lifecycle/mapping tests; see Porting/Reference/PORT_STATUS.md.
Joystick/Joy_Do_Repeat_Relay.resx	resx	retain		Preserve neutral/culture resource until AXAML localization mapping is verified.
Joystick/Joy_Do_Repeat_Servo.Designer.cs	csharp	replace	GCSViews/ConfigurationView/ConfigJoystickView.axaml;ViewModels/GCSViews/ConfigurationView/ConfigJoystickViewModel.cs;Services/JoystickControl.cs;Services/JoystickInput.cs	Joystick setup/actions and the application-level sender have native Linux, Windows and macOS backends with lifecycle/mapping tests; see Porting/Reference/PORT_STATUS.md.
Joystick/Joy_Do_Repeat_Servo.cs	csharp	replace	GCSViews/ConfigurationView/ConfigJoystickView.axaml;ViewModels/GCSViews/ConfigurationView/ConfigJoystickViewModel.cs;Services/JoystickControl.cs;Services/JoystickInput.cs	Joystick setup/actions and the application-level sender have native Linux, Windows and macOS backends with lifecycle/mapping tests; see Porting/Reference/PORT_STATUS.md.
Joystick/Joy_Do_Repeat_Servo.resx	resx	retain		Preserve neutral/culture resource until AXAML localization mapping is verified.
Joystick/Joy_Do_Set_Relay.Designer.cs	csharp	replace	GCSViews/ConfigurationView/ConfigJoystickView.axaml;ViewModels/GCSViews/ConfigurationView/ConfigJoystickViewModel.cs;Services/JoystickControl.cs;Services/JoystickInput.cs	Joystick setup/actions and the application-level sender have native Linux, Windows and macOS backends with lifecycle/mapping tests; see Porting/Reference/PORT_STATUS.md.
Joystick/Joy_Do_Set_Relay.cs	csharp	replace	GCSViews/ConfigurationView/ConfigJoystickView.axaml;ViewModels/GCSViews/ConfigurationView/ConfigJoystickViewModel.cs;Services/JoystickControl.cs;Services/JoystickInput.cs	Joystick setup/actions and the application-level sender have native Linux, Windows and macOS backends with lifecycle/mapping tests; see Porting/Reference/PORT_STATUS.md.
Joystick/Joy_Do_Set_Relay.resx	resx	retain		Preserve neutral/culture resource until AXAML localization mapping is verified.
Joystick/Joy_Do_Set_Servo.Designer.cs	csharp	replace	GCSViews/ConfigurationView/ConfigJoystickView.axaml;ViewModels/GCSViews/ConfigurationView/ConfigJoystickViewModel.cs;Services/JoystickControl.cs;Services/JoystickInput.cs	Joystick setup/actions and the application-level sender have native Linux, Windows and macOS backends with lifecycle/mapping tests; see Porting/Reference/PORT_STATUS.md.
Joystick/Joy_Do_Set_Servo.cs	csharp	replace	GCSViews/ConfigurationView/ConfigJoystickView.axaml;ViewModels/GCSViews/ConfigurationView/ConfigJoystickViewModel.cs;Services/JoystickControl.cs;Services/JoystickInput.cs	Joystick setup/actions and the application-level sender have native Linux, Windows and macOS backends with lifecycle/mapping tests; see Porting/Reference/PORT_STATUS.md.
Joystick/Joy_Do_Set_Servo.resx	resx	retain		Preserve neutral/culture resource until AXAML localization mapping is verified.
Joystick/Joy_Mount_Mode.Designer.cs	csharp	replace	GCSViews/ConfigurationView/ConfigJoystickView.axaml;ViewModels/GCSViews/ConfigurationView/ConfigJoystickViewModel.cs;Services/JoystickControl.cs;Services/JoystickInput.cs	Joystick setup/actions and the application-level sender have native Linux, Windows and macOS backends with lifecycle/mapping tests; see Porting/Reference/PORT_STATUS.md.
Joystick/Joy_Mount_Mode.ar.resx	resx	retain		Preserve neutral/culture resource until AXAML localization mapping is verified.
Joystick/Joy_Mount_Mode.az-Latn-AZ.resx	resx	retain		Preserve neutral/culture resource until AXAML localization mapping is verified.
Joystick/Joy_Mount_Mode.cs	csharp	replace	GCSViews/ConfigurationView/ConfigJoystickView.axaml;ViewModels/GCSViews/ConfigurationView/ConfigJoystickViewModel.cs;Services/JoystickControl.cs;Services/JoystickInput.cs	Joystick setup/actions and the application-level sender have native Linux, Windows and macOS backends with lifecycle/mapping tests; see Porting/Reference/PORT_STATUS.md.
Joystick/Joy_Mount_Mode.id-ID.resx	resx	retain		Preserve neutral/culture resource until AXAML localization mapping is verified.
Joystick/Joy_Mount_Mode.ko-KR.resx	resx	retain		Preserve neutral/culture resource until AXAML localization mapping is verified.
Joystick/Joy_Mount_Mode.pt.resx	resx	retain		Preserve neutral/culture resource until AXAML localization mapping is verified.
Joystick/Joy_Mount_Mode.resx	resx	retain		Preserve neutral/culture resource until AXAML localization mapping is verified.
Joystick/Joy_Mount_Mode.ru-KZ.resx	resx	retain		Preserve neutral/culture resource until AXAML localization mapping is verified.
Joystick/Joy_Mount_Mode.tr.resx	resx	retain		Preserve neutral/culture resource until AXAML localization mapping is verified.
Joystick/Joy_Mount_Mode.uk.resx	resx	retain		Preserve neutral/culture resource until AXAML localization mapping is verified.
Joystick/JoystickAxis.cs	csharp	replace	GCSViews/ConfigurationView/ConfigJoystickView.axaml;ViewModels/GCSViews/ConfigurationView/ConfigJoystickViewModel.cs;Services/JoystickControl.cs;Services/JoystickInput.cs	Joystick setup/actions and the application-level sender have native Linux, Windows and macOS backends with lifecycle/mapping tests; see Porting/Reference/PORT_STATUS.md.
Joystick/JoystickAxis.resx	resx	retain		Preserve neutral/culture resource until AXAML localization mapping is verified.
Joystick/JoystickSetup.Designer.cs	csharp	replace	GCSViews/ConfigurationView/ConfigJoystickView.axaml;ViewModels/GCSViews/ConfigurationView/ConfigJoystickViewModel.cs;Services/JoystickControl.cs;Services/JoystickInput.cs	Joystick setup/actions and the application-level sender have native Linux, Windows and macOS backends with lifecycle/mapping tests; see Porting/Reference/PORT_STATUS.md.
Joystick/JoystickSetup.ar.resx	resx	retain		Preserve neutral/culture resource until AXAML localization mapping is verified.
Joystick/JoystickSetup.az-Latn-AZ.resx	resx	retain		Preserve neutral/culture resource until AXAML localization mapping is verified.
Joystick/JoystickSetup.cs	csharp	replace	GCSViews/ConfigurationView/ConfigJoystickView.axaml;ViewModels/GCSViews/ConfigurationView/ConfigJoystickViewModel.cs;Services/JoystickControl.cs;Services/JoystickInput.cs	Joystick setup/actions and the application-level sender have native Linux, Windows and macOS backends with lifecycle/mapping tests; see Porting/Reference/PORT_STATUS.md.
Joystick/JoystickSetup.de-DE.resx	resx	retain		Preserve neutral/culture resource until AXAML localization mapping is verified.
Joystick/JoystickSetup.es-ES.resx	resx	retain		Preserve neutral/culture resource until AXAML localization mapping is verified.
Joystick/JoystickSetup.fr.resx	resx	retain		Preserve neutral/culture resource until AXAML localization mapping is verified.
Joystick/JoystickSetup.id-ID.resx	resx	retain		Preserve neutral/culture resource until AXAML localization mapping is verified.
Joystick/JoystickSetup.it-IT.resx	resx	retain		Preserve neutral/culture resource until AXAML localization mapping is verified.
Joystick/JoystickSetup.ko-KR.resx	resx	retain		Preserve neutral/culture resource until AXAML localization mapping is verified.
Joystick/JoystickSetup.pl.resx	resx	retain		Preserve neutral/culture resource until AXAML localization mapping is verified.
Joystick/JoystickSetup.pt.resx	resx	retain		Preserve neutral/culture resource until AXAML localization mapping is verified.
Joystick/JoystickSetup.resx	resx	retain		Preserve neutral/culture resource until AXAML localization mapping is verified.
Joystick/JoystickSetup.ru-KZ.resx	resx	retain		Preserve neutral/culture resource until AXAML localization mapping is verified.
Joystick/JoystickSetup.ru-RU.resx	resx	retain		Preserve neutral/culture resource until AXAML localization mapping is verified.
Joystick/JoystickSetup.tr.resx	resx	retain		Preserve neutral/culture resource until AXAML localization mapping is verified.
Joystick/JoystickSetup.uk.resx	resx	retain		Preserve neutral/culture resource until AXAML localization mapping is verified.
Joystick/JoystickSetup.zh-Hans.resx	resx	retain		Preserve neutral/culture resource until AXAML localization mapping is verified.
Joystick/JoystickSetup.zh-Hant.resx	resx	retain		Preserve neutral/culture resource until AXAML localization mapping is verified.
Joystick/JoystickSetup.zh-TW.resx	resx	retain		Preserve neutral/culture resource until AXAML localization mapping is verified.
L10N.cs	csharp	replace	Services/LocalizationService.cs;Services/ResxTranslationService.cs	Mapped to the listed native Avalonia artifacts; feature-level parity and deliberate safety differences are recorded in Porting/Reference/PORT_STATUS.md.
Log/LogBrowse.ar.resx	resx	retain		Preserve neutral/culture resource until AXAML localization mapping is verified.
Log/LogBrowse.az-Latn-AZ.resx	resx	retain		Preserve neutral/culture resource until AXAML localization mapping is verified.
Log/LogBrowse.cs	csharp	replace	Views/LogBrowseView.axaml;ViewModels/LogBrowseViewModel.cs;Views/MavlinkLogWindow.axaml;ViewModels/MavlinkLogConvertViewModel.cs;Services/TlogExportService.cs	DataFlash browsing, download/index and telemetry-log conversion/export workflows are implemented by native Avalonia views/services and tested; see Porting/Reference/PORT_STATUS.md.
Log/LogBrowse.de-DE.resx	resx	retain		Preserve neutral/culture resource until AXAML localization mapping is verified.
Log/LogBrowse.designer.cs	csharp	replace	Views/LogBrowseView.axaml;ViewModels/LogBrowseViewModel.cs;Views/MavlinkLogWindow.axaml;ViewModels/MavlinkLogConvertViewModel.cs;Services/TlogExportService.cs	DataFlash browsing, download/index and telemetry-log conversion/export workflows are implemented by native Avalonia views/services and tested; see Porting/Reference/PORT_STATUS.md.
Log/LogBrowse.es-ES.resx	resx	retain		Preserve neutral/culture resource until AXAML localization mapping is verified.
Log/LogBrowse.fr.resx	resx	retain		Preserve neutral/culture resource until AXAML localization mapping is verified.
Log/LogBrowse.id-ID.resx	resx	retain		Preserve neutral/culture resource until AXAML localization mapping is verified.
Log/LogBrowse.it-IT.resx	resx	retain		Preserve neutral/culture resource until AXAML localization mapping is verified.
Log/LogBrowse.ja-JP.resx	resx	retain		Preserve neutral/culture resource until AXAML localization mapping is verified.
Log/LogBrowse.ko-KR.resx	resx	retain		Preserve neutral/culture resource until AXAML localization mapping is verified.
Log/LogBrowse.pl.resx	resx	retain		Preserve neutral/culture resource until AXAML localization mapping is verified.
Log/LogBrowse.pt.resx	resx	retain		Preserve neutral/culture resource until AXAML localization mapping is verified.
Log/LogBrowse.resx	resx	retain		Preserve neutral/culture resource until AXAML localization mapping is verified.
Log/LogBrowse.ru-KZ.resx	resx	retain		Preserve neutral/culture resource until AXAML localization mapping is verified.
Log/LogBrowse.tr.resx	resx	retain		Preserve neutral/culture resource until AXAML localization mapping is verified.
Log/LogBrowse.uk.resx	resx	retain		Preserve neutral/culture resource until AXAML localization mapping is verified.
Log/LogBrowse.zh-Hans.resx	resx	retain		Preserve neutral/culture resource until AXAML localization mapping is verified.
Log/LogBrowse.zh-TW.resx	resx	retain		Preserve neutral/culture resource until AXAML localization mapping is verified.
Log/LogDownload.Designer.cs	csharp	replace	Views/LogBrowseView.axaml;ViewModels/LogBrowseViewModel.cs;Views/MavlinkLogWindow.axaml;ViewModels/MavlinkLogConvertViewModel.cs;Services/TlogExportService.cs	DataFlash browsing, download/index and telemetry-log conversion/export workflows are implemented by native Avalonia views/services and tested; see Porting/Reference/PORT_STATUS.md.
Log/LogDownload.ar.resx	resx	retain		Preserve neutral/culture resource until AXAML localization mapping is verified.
Log/LogDownload.az-Latn-AZ.resx	resx	retain		Preserve neutral/culture resource until AXAML localization mapping is verified.
Log/LogDownload.cs	csharp	replace	Views/LogBrowseView.axaml;ViewModels/LogBrowseViewModel.cs;Views/MavlinkLogWindow.axaml;ViewModels/MavlinkLogConvertViewModel.cs;Services/TlogExportService.cs	DataFlash browsing, download/index and telemetry-log conversion/export workflows are implemented by native Avalonia views/services and tested; see Porting/Reference/PORT_STATUS.md.
Log/LogDownload.de-DE.resx	resx	retain		Preserve neutral/culture resource until AXAML localization mapping is verified.
Log/LogDownload.es-ES.resx	resx	retain		Preserve neutral/culture resource until AXAML localization mapping is verified.
Log/LogDownload.fr.resx	resx	retain		Preserve neutral/culture resource until AXAML localization mapping is verified.
Log/LogDownload.id-ID.resx	resx	retain		Preserve neutral/culture resource until AXAML localization mapping is verified.
Log/LogDownload.it-IT.resx	resx	retain		Preserve neutral/culture resource until AXAML localization mapping is verified.
Log/LogDownload.ja-JP.resx	resx	retain		Preserve neutral/culture resource until AXAML localization mapping is verified.
Log/LogDownload.ko-KR.resx	resx	retain		Preserve neutral/culture resource until AXAML localization mapping is verified.
Log/LogDownload.pl.resx	resx	retain		Preserve neutral/culture resource until AXAML localization mapping is verified.
Log/LogDownload.pt.resx	resx	retain		Preserve neutral/culture resource until AXAML localization mapping is verified.
Log/LogDownload.resx	resx	retain		Preserve neutral/culture resource until AXAML localization mapping is verified.
Log/LogDownload.ru-KZ.resx	resx	retain		Preserve neutral/culture resource until AXAML localization mapping is verified.
Log/LogDownload.tr.resx	resx	retain		Preserve neutral/culture resource until AXAML localization mapping is verified.
Log/LogDownload.uk.resx	resx	retain		Preserve neutral/culture resource until AXAML localization mapping is verified.
Log/LogDownload.zh-Hans.resx	resx	retain		Preserve neutral/culture resource until AXAML localization mapping is verified.
Log/LogDownload.zh-TW.resx	resx	retain		Preserve neutral/culture resource until AXAML localization mapping is verified.
Log/LogDownloadMavLink.Designer.cs	csharp	replace	Views/LogBrowseView.axaml;ViewModels/LogBrowseViewModel.cs;Views/MavlinkLogWindow.axaml;ViewModels/MavlinkLogConvertViewModel.cs;Services/TlogExportService.cs	DataFlash browsing, download/index and telemetry-log conversion/export workflows are implemented by native Avalonia views/services and tested; see Porting/Reference/PORT_STATUS.md.
Log/LogDownloadMavLink.ar.resx	resx	retain		Preserve neutral/culture resource until AXAML localization mapping is verified.
Log/LogDownloadMavLink.az-Latn-AZ.resx	resx	retain		Preserve neutral/culture resource until AXAML localization mapping is verified.
Log/LogDownloadMavLink.cs	csharp	replace	Views/LogBrowseView.axaml;ViewModels/LogBrowseViewModel.cs;Views/MavlinkLogWindow.axaml;ViewModels/MavlinkLogConvertViewModel.cs;Services/TlogExportService.cs	DataFlash browsing, download/index and telemetry-log conversion/export workflows are implemented by native Avalonia views/services and tested; see Porting/Reference/PORT_STATUS.md.
Log/LogDownloadMavLink.de-DE.resx	resx	retain		Preserve neutral/culture resource until AXAML localization mapping is verified.
Log/LogDownloadMavLink.es-ES.resx	resx	retain		Preserve neutral/culture resource until AXAML localization mapping is verified.
Log/LogDownloadMavLink.fr.resx	resx	retain		Preserve neutral/culture resource until AXAML localization mapping is verified.
Log/LogDownloadMavLink.id-ID.resx	resx	retain		Preserve neutral/culture resource until AXAML localization mapping is verified.
Log/LogDownloadMavLink.it-IT.resx	resx	retain		Preserve neutral/culture resource until AXAML localization mapping is verified.
Log/LogDownloadMavLink.ja-JP.resx	resx	retain		Preserve neutral/culture resource until AXAML localization mapping is verified.
Log/LogDownloadMavLink.ko-KR.resx	resx	retain		Preserve neutral/culture resource until AXAML localization mapping is verified.
Log/LogDownloadMavLink.pl.resx	resx	retain		Preserve neutral/culture resource until AXAML localization mapping is verified.
Log/LogDownloadMavLink.pt.resx	resx	retain		Preserve neutral/culture resource until AXAML localization mapping is verified.
Log/LogDownloadMavLink.resx	resx	retain		Preserve neutral/culture resource until AXAML localization mapping is verified.
Log/LogDownloadMavLink.ru-KZ.resx	resx	retain		Preserve neutral/culture resource until AXAML localization mapping is verified.
Log/LogDownloadMavLink.tr.resx	resx	retain		Preserve neutral/culture resource until AXAML localization mapping is verified.
Log/LogDownloadMavLink.uk.resx	resx	retain		Preserve neutral/culture resource until AXAML localization mapping is verified.
Log/LogDownloadMavLink.zh-Hans.resx	resx	retain		Preserve neutral/culture resource until AXAML localization mapping is verified.
Log/LogDownloadMavLink.zh-TW.resx	resx	retain		Preserve neutral/culture resource until AXAML localization mapping is verified.
Log/LogDownloadscp.Designer.cs	csharp	replace	Views/LogBrowseView.axaml;ViewModels/LogBrowseViewModel.cs;Views/MavlinkLogWindow.axaml;ViewModels/MavlinkLogConvertViewModel.cs;Services/TlogExportService.cs	DataFlash browsing, download/index and telemetry-log conversion/export workflows are implemented by native Avalonia views/services and tested; see Porting/Reference/PORT_STATUS.md.
Log/LogDownloadscp.az-Latn-AZ.resx	resx	retain		Preserve neutral/culture resource until AXAML localization mapping is verified.
Log/LogDownloadscp.cs	csharp	replace	Views/LogBrowseView.axaml;ViewModels/LogBrowseViewModel.cs;Views/MavlinkLogWindow.axaml;ViewModels/MavlinkLogConvertViewModel.cs;Services/TlogExportService.cs	DataFlash browsing, download/index and telemetry-log conversion/export workflows are implemented by native Avalonia views/services and tested; see Porting/Reference/PORT_STATUS.md.
Log/LogDownloadscp.de-DE.resx	resx	retain		Preserve neutral/culture resource until AXAML localization mapping is verified.
Log/LogDownloadscp.ko-KR.resx	resx	retain		Preserve neutral/culture resource until AXAML localization mapping is verified.
Log/LogDownloadscp.pt.resx	resx	retain		Preserve neutral/culture resource until AXAML localization mapping is verified.
Log/LogDownloadscp.resx	resx	retain		Preserve neutral/culture resource until AXAML localization mapping is verified.
Log/LogDownloadscp.ru-KZ.resx	resx	retain		Preserve neutral/culture resource until AXAML localization mapping is verified.
Log/LogDownloadscp.tr.resx	resx	retain		Preserve neutral/culture resource until AXAML localization mapping is verified.
Log/LogDownloadscp.uk.resx	resx	retain		Preserve neutral/culture resource until AXAML localization mapping is verified.
Log/LogIndex.Designer.cs	csharp	replace	Views/LogBrowseView.axaml;ViewModels/LogBrowseViewModel.cs;Views/MavlinkLogWindow.axaml;ViewModels/MavlinkLogConvertViewModel.cs;Services/TlogExportService.cs	DataFlash browsing, download/index and telemetry-log conversion/export workflows are implemented by native Avalonia views/services and tested; see Porting/Reference/PORT_STATUS.md.
Log/LogIndex.cs	csharp	replace	Views/LogBrowseView.axaml;ViewModels/LogBrowseViewModel.cs;Views/MavlinkLogWindow.axaml;ViewModels/MavlinkLogConvertViewModel.cs;Services/TlogExportService.cs	DataFlash browsing, download/index and telemetry-log conversion/export workflows are implemented by native Avalonia views/services and tested; see Porting/Reference/PORT_STATUS.md.
Log/LogIndex.resx	resx	retain		Preserve neutral/culture resource until AXAML localization mapping is verified.
Log/LogStrings.Designer.cs	csharp	replace	Views/LogBrowseView.axaml;ViewModels/LogBrowseViewModel.cs;Views/MavlinkLogWindow.axaml;ViewModels/MavlinkLogConvertViewModel.cs;Services/TlogExportService.cs	DataFlash browsing, download/index and telemetry-log conversion/export workflows are implemented by native Avalonia views/services and tested; see Porting/Reference/PORT_STATUS.md.
Log/LogStrings.cs	csharp	replace	Views/LogBrowseView.axaml;ViewModels/LogBrowseViewModel.cs;Views/MavlinkLogWindow.axaml;ViewModels/MavlinkLogConvertViewModel.cs;Services/TlogExportService.cs	DataFlash browsing, download/index and telemetry-log conversion/export workflows are implemented by native Avalonia views/services and tested; see Porting/Reference/PORT_STATUS.md.
Log/LogStrings.resx	resx	retain		Preserve neutral/culture resource until AXAML localization mapping is verified.
Log/MatLabForms.cs	csharp	replace	Views/LogBrowseView.axaml;ViewModels/LogBrowseViewModel.cs;Views/MavlinkLogWindow.axaml;ViewModels/MavlinkLogConvertViewModel.cs;Services/TlogExportService.cs	DataFlash browsing, download/index and telemetry-log conversion/export workflows are implemented by native Avalonia views/services and tested; see Porting/Reference/PORT_STATUS.md.
Log/MavlinkLog.Designer.cs	csharp	replace	Views/LogBrowseView.axaml;ViewModels/LogBrowseViewModel.cs;Views/MavlinkLogWindow.axaml;ViewModels/MavlinkLogConvertViewModel.cs;Services/TlogExportService.cs	DataFlash browsing, download/index and telemetry-log conversion/export workflows are implemented by native Avalonia views/services and tested; see Porting/Reference/PORT_STATUS.md.
Log/MavlinkLog.ar.resx	resx	retain		Preserve neutral/culture resource until AXAML localization mapping is verified.
Log/MavlinkLog.az-Latn-AZ.resx	resx	retain		Preserve neutral/culture resource until AXAML localization mapping is verified.
Log/MavlinkLog.cs	csharp	replace	Views/LogBrowseView.axaml;ViewModels/LogBrowseViewModel.cs;Views/MavlinkLogWindow.axaml;ViewModels/MavlinkLogConvertViewModel.cs;Services/TlogExportService.cs	DataFlash browsing, download/index and telemetry-log conversion/export workflows are implemented by native Avalonia views/services and tested; see Porting/Reference/PORT_STATUS.md.
Log/MavlinkLog.de-DE.resx	resx	retain		Preserve neutral/culture resource until AXAML localization mapping is verified.
Log/MavlinkLog.es-ES.resx	resx	retain		Preserve neutral/culture resource until AXAML localization mapping is verified.
Log/MavlinkLog.fr.resx	resx	retain		Preserve neutral/culture resource until AXAML localization mapping is verified.
Log/MavlinkLog.id-ID.resx	resx	retain		Preserve neutral/culture resource until AXAML localization mapping is verified.
Log/MavlinkLog.it-IT.resx	resx	retain		Preserve neutral/culture resource until AXAML localization mapping is verified.
Log/MavlinkLog.ja-JP.resx	resx	retain		Preserve neutral/culture resource until AXAML localization mapping is verified.
Log/MavlinkLog.ko-KR.resx	resx	retain		Preserve neutral/culture resource until AXAML localization mapping is verified.
Log/MavlinkLog.pl.resx	resx	retain		Preserve neutral/culture resource until AXAML localization mapping is verified.
Log/MavlinkLog.pt.resx	resx	retain		Preserve neutral/culture resource until AXAML localization mapping is verified.
Log/MavlinkLog.resx	resx	retain		Preserve neutral/culture resource until AXAML localization mapping is verified.
Log/MavlinkLog.ru-KZ.resx	resx	retain		Preserve neutral/culture resource until AXAML localization mapping is verified.
Log/MavlinkLog.tr.resx	resx	retain		Preserve neutral/culture resource until AXAML localization mapping is verified.
Log/MavlinkLog.uk.resx	resx	retain		Preserve neutral/culture resource until AXAML localization mapping is verified.
Log/MavlinkLog.zh-Hans.resx	resx	retain		Preserve neutral/culture resource until AXAML localization mapping is verified.
Log/MavlinkLogBase.cs	csharp	replace	Views/LogBrowseView.axaml;ViewModels/LogBrowseViewModel.cs;Views/MavlinkLogWindow.axaml;ViewModels/MavlinkLogConvertViewModel.cs;Services/TlogExportService.cs	DataFlash browsing, download/index and telemetry-log conversion/export workflows are implemented by native Avalonia views/services and tested; see Porting/Reference/PORT_STATUS.md.
MagCalib.cs	csharp	replace	Views/OfflineMagFitWindow.axaml;ViewModels/OfflineMagFitViewModel.cs;Services/OfflineMagFitService.cs	Offline magnetometer calibration for tlog/bin/log is implemented and tested; see Porting/Reference/PORT_STATUS.md.
MainV2.Designer.cs	csharp	replace	Views/MainWindow.axaml;Views/MainWindow.axaml.cs;ViewModels/MainWindowViewModel.cs	Main application shell replacement; legacy plugin ABI must be merged into the main assembly first.
MainV2.ar.resx	resx	retain		Preserve neutral/culture resource until AXAML localization mapping is verified.
MainV2.az-Latn-AZ.resx	resx	retain		Preserve neutral/culture resource until AXAML localization mapping is verified.
MainV2.cs	csharp	replace	Views/MainWindow.axaml;Views/MainWindow.axaml.cs;ViewModels/MainWindowViewModel.cs	Main application shell replacement; legacy plugin ABI must be merged into the main assembly first.
MainV2.id-ID.resx	resx	retain		Preserve neutral/culture resource until AXAML localization mapping is verified.
MainV2.ja-JP.resx	resx	retain		Preserve neutral/culture resource until AXAML localization mapping is verified.
MainV2.ko-KR.resx	resx	retain		Preserve neutral/culture resource until AXAML localization mapping is verified.
MainV2.pt.resx	resx	retain		Preserve neutral/culture resource until AXAML localization mapping is verified.
MainV2.resx	resx	retain		Preserve neutral/culture resource until AXAML localization mapping is verified.
MainV2.ru-KZ.resx	resx	retain		Preserve neutral/culture resource until AXAML localization mapping is verified.
MainV2.tr.resx	resx	retain		Preserve neutral/culture resource until AXAML localization mapping is verified.
MainV2.uk.resx	resx	retain		Preserve neutral/culture resource until AXAML localization mapping is verified.
MainV2.zh-Hans.resx	resx	retain		Preserve neutral/culture resource until AXAML localization mapping is verified.
MainV2.zh-Hant.resx	resx	retain		Preserve neutral/culture resource until AXAML localization mapping is verified.
MainV2.zh-TW.resx	resx	retain		Preserve neutral/culture resource until AXAML localization mapping is verified.
NativeMethods.cs	csharp	replace	Services/SystemAwakeService.cs;Services/LibVlcBootstrap.cs;Services/NativeGdalApi.cs;Services/MavLinkConnectionManager.cs	Mapped to the listed native Avalonia artifacts; feature-level parity and deliberate safety differences are recorded in Porting/Reference/PORT_STATUS.md.
NoFly/NoFly.cs	csharp	replace	Services/NoFlyOverlay.cs;Services/NoFlyOverlayCoordinator.cs;Services/HongKongNoFlyService.cs	Mapped to the listed native Avalonia artifacts; feature-level parity and deliberate safety differences are recorded in Porting/Reference/PORT_STATUS.md.
Plugin/Plugin.cs	csharp	replace	Plugin/LegacyCompatibility/PluginCompatibility.cs;Plugin/PortableApi/Plugin.cs;Plugin/PortableApi/PluginHost.cs	Mapped to the listed native Avalonia artifacts; feature-level parity and deliberate safety differences are recorded in Porting/Reference/PORT_STATUS.md.
Plugin/PluginLoader.cs	csharp	replace	Services/PluginRuntime.cs;Services/PluginService.cs	Mapped to the listed native Avalonia artifacts; feature-level parity and deliberate safety differences are recorded in Porting/Reference/PORT_STATUS.md.
Plugin/PluginUI.Designer.cs	csharp	replace	Views/PluginManagerWindow.axaml;ViewModels/PluginManagerViewModel.cs	Mapped to the listed native Avalonia artifacts; feature-level parity and deliberate safety differences are recorded in Porting/Reference/PORT_STATUS.md.
Plugin/PluginUI.cs	csharp	replace	Views/PluginManagerWindow.axaml;ViewModels/PluginManagerViewModel.cs	Mapped to the listed native Avalonia artifacts; feature-level parity and deliberate safety differences are recorded in Porting/Reference/PORT_STATUS.md.
Plugin/PluginUI.resx	resx	retain		Preserve neutral/culture resource until AXAML localization mapping is verified.
Plugins/AnonymizeBinlogPlugin.cs	csharp	replace	Services/DataFlashLogAnonymizer.cs;ViewModels/GCSViews/ConfigurationView/ConfigAdvancedViewModel.cs	Mapped to the listed native Avalonia artifacts; feature-level parity and deliberate safety differences are recorded in Porting/Reference/PORT_STATUS.md.
Plugins/OpenDroneID2/NMEA_GPS_Connection.Designer.cs	csharp	replace	Views/OpenDroneIdView.axaml;ViewModels/OpenDroneIdViewModel.cs;Services/OpenDroneIdMessageFactory.cs;Services/NmeaGgaParser.cs	The native Avalonia Open Drone ID workflow ports identity/configuration, serial and network NMEA input, map status, emergency state and target-bound MAVLink transmission with lifecycle tests.
Plugins/OpenDroneID2/NMEA_GPS_Connection.cs	csharp	replace	Views/OpenDroneIdView.axaml;ViewModels/OpenDroneIdViewModel.cs;Services/OpenDroneIdMessageFactory.cs;Services/NmeaGgaParser.cs	The native Avalonia Open Drone ID workflow ports identity/configuration, serial and network NMEA input, map status, emergency state and target-bound MAVLink transmission with lifecycle tests.
Plugins/OpenDroneID2/NMEA_GPS_Connection.resx	resx	retain		Preserve neutral/culture resource until AXAML localization mapping is verified.
Plugins/OpenDroneID2/NMEA_Viewer.Designer.cs	csharp	replace	Views/OpenDroneIdView.axaml;ViewModels/OpenDroneIdViewModel.cs;Services/OpenDroneIdMessageFactory.cs;Services/NmeaGgaParser.cs	The native Avalonia Open Drone ID workflow ports identity/configuration, serial and network NMEA input, map status, emergency state and target-bound MAVLink transmission with lifecycle tests.
Plugins/OpenDroneID2/NMEA_Viewer.cs	csharp	replace	Views/OpenDroneIdView.axaml;ViewModels/OpenDroneIdViewModel.cs;Services/OpenDroneIdMessageFactory.cs;Services/NmeaGgaParser.cs	The native Avalonia Open Drone ID workflow ports identity/configuration, serial and network NMEA input, map status, emergency state and target-bound MAVLink transmission with lifecycle tests.
Plugins/OpenDroneID2/NMEA_Viewer.resx	resx	retain		Preserve neutral/culture resource until AXAML localization mapping is verified.
Plugins/OpenDroneID2/OpenDroneID_Backend.cs	csharp	replace	Views/OpenDroneIdView.axaml;ViewModels/OpenDroneIdViewModel.cs;Services/OpenDroneIdMessageFactory.cs;Services/NmeaGgaParser.cs	The native Avalonia Open Drone ID workflow ports identity/configuration, serial and network NMEA input, map status, emergency state and target-bound MAVLink transmission with lifecycle tests.
Plugins/OpenDroneID2/OpenDroneID_Map_Status.Designer.cs	csharp	replace	Views/OpenDroneIdView.axaml;ViewModels/OpenDroneIdViewModel.cs;Services/OpenDroneIdMessageFactory.cs;Services/NmeaGgaParser.cs	The native Avalonia Open Drone ID workflow ports identity/configuration, serial and network NMEA input, map status, emergency state and target-bound MAVLink transmission with lifecycle tests.
Plugins/OpenDroneID2/OpenDroneID_Map_Status.cs	csharp	replace	Views/OpenDroneIdView.axaml;ViewModels/OpenDroneIdViewModel.cs;Services/OpenDroneIdMessageFactory.cs;Services/NmeaGgaParser.cs	The native Avalonia Open Drone ID workflow ports identity/configuration, serial and network NMEA input, map status, emergency state and target-bound MAVLink transmission with lifecycle tests.
Plugins/OpenDroneID2/OpenDroneID_Map_Status.resx	resx	retain		Preserve neutral/culture resource until AXAML localization mapping is verified.
Plugins/OpenDroneID2/OpenDroneID_Plugin.cs	csharp	replace	Views/OpenDroneIdView.axaml;ViewModels/OpenDroneIdViewModel.cs;Services/OpenDroneIdMessageFactory.cs;Services/NmeaGgaParser.cs	The native Avalonia Open Drone ID workflow ports identity/configuration, serial and network NMEA input, map status, emergency state and target-bound MAVLink transmission with lifecycle tests.
Plugins/OpenDroneID2/OpenDroneID_UI.Designer.cs	csharp	replace	Views/OpenDroneIdView.axaml;ViewModels/OpenDroneIdViewModel.cs;Services/OpenDroneIdMessageFactory.cs;Services/NmeaGgaParser.cs	The native Avalonia Open Drone ID workflow ports identity/configuration, serial and network NMEA input, map status, emergency state and target-bound MAVLink transmission with lifecycle tests.
Plugins/OpenDroneID2/OpenDroneID_UI.cs	csharp	replace	Views/OpenDroneIdView.axaml;ViewModels/OpenDroneIdViewModel.cs;Services/OpenDroneIdMessageFactory.cs;Services/NmeaGgaParser.cs	The native Avalonia Open Drone ID workflow ports identity/configuration, serial and network NMEA input, map status, emergency state and target-bound MAVLink transmission with lifecycle tests.
Plugins/OpenDroneID2/OpenDroneID_UI.resx	resx	retain		Preserve neutral/culture resource until AXAML localization mapping is verified.
Plugins/TerrainMakerPlugin/Location.cs	csharp	replace	Views/TerrainMakerWindow.axaml;ViewModels/TerrainMakerViewModel.cs;Services/TerrainDataService.cs	The native Avalonia Terrain Maker ports the official DAT geometry, elevation priority and binary format with cancellable atomic output and regression tests.
Plugins/TerrainMakerPlugin/TerrainDataFile.cs	csharp	replace	Views/TerrainMakerWindow.axaml;ViewModels/TerrainMakerViewModel.cs;Services/TerrainDataService.cs	The native Avalonia Terrain Maker ports the official DAT geometry, elevation priority and binary format with cancellable atomic output and regression tests.
Plugins/TerrainMakerPlugin/TerrainMakerPlugin.cs	csharp	replace	Views/TerrainMakerWindow.axaml;ViewModels/TerrainMakerViewModel.cs;Services/TerrainDataService.cs	The native Avalonia Terrain Maker ports the official DAT geometry, elevation priority and binary format with cancellable atomic output and regression tests.
Plugins/example10-canlogfile.cs	csharp	remove	Porting/Reference/PLUGINS.md	This is a development/plugin-SDK sample rather than a shipped operator workflow. The portable plugin lifecycle, API, trust model and buildable source pattern are documented in Porting/Reference/PLUGINS.md; runtime compilation of loose trusted C# is deliberately not shipped.
Plugins/example14-mass.cs	csharp	remove	Porting/Reference/PLUGINS.md	This is a development/plugin-SDK sample rather than a shipped operator workflow. The portable plugin lifecycle, API, trust model and buildable source pattern are documented in Porting/Reference/PLUGINS.md; runtime compilation of loose trusted C# is deliberately not shipped.
Plugins/example15-leds.cs	csharp	remove	Porting/Reference/PLUGINS.md	This is a development/plugin-SDK sample rather than a shipped operator workflow. The portable plugin lifecycle, API, trust model and buildable source pattern are documented in Porting/Reference/PLUGINS.md; runtime compilation of loose trusted C# is deliberately not shipped.
Plugins/example16-donate.cs	csharp	remove	Porting/Reference/PLUGINS.md	This is a development/plugin-SDK sample rather than a shipped operator workflow. The portable plugin lifecycle, API, trust model and buildable source pattern are documented in Porting/Reference/PLUGINS.md; runtime compilation of loose trusted C# is deliberately not shipped.
Plugins/example17-menuremove.cs	csharp	remove	Porting/Reference/PLUGINS.md	This is a development/plugin-SDK sample rather than a shipped operator workflow. The portable plugin lifecycle, API, trust model and buildable source pattern are documented in Porting/Reference/PLUGINS.md; runtime compilation of loose trusted C# is deliberately not shipped.
Plugins/example18-externalapi.cs	csharp	remove	Porting/Reference/PLUGINS.md	This is a development/plugin-SDK sample rather than a shipped operator workflow. The portable plugin lifecycle, API, trust model and buildable source pattern are documented in Porting/Reference/PLUGINS.md; runtime compilation of loose trusted C# is deliberately not shipped.
Plugins/example19-multiforward.cs	csharp	remove	Porting/Reference/PLUGINS.md	This is a development/plugin-SDK sample rather than a shipped operator workflow. The portable plugin lifecycle, API, trust model and buildable source pattern are documented in Porting/Reference/PLUGINS.md; runtime compilation of loose trusted C# is deliberately not shipped.
Plugins/example20-multiplepositions.cs	csharp	remove	Porting/Reference/PLUGINS.md	This is a development/plugin-SDK sample rather than a shipped operator workflow. The portable plugin lifecycle, API, trust model and buildable source pattern are documented in Porting/Reference/PLUGINS.md; runtime compilation of loose trusted C# is deliberately not shipped.
Plugins/example21-persistentsimple.cs	csharp	remove	Porting/Reference/PLUGINS.md	This is a development/plugin-SDK sample rather than a shipped operator workflow. The portable plugin lifecycle, API, trust model and buildable source pattern are documented in Porting/Reference/PLUGINS.md; runtime compilation of loose trusted C# is deliberately not shipped.
Plugins/example22-payloadconfig.cs	csharp	remove	Porting/Reference/PLUGINS.md	This is a development/plugin-SDK sample rather than a shipped operator workflow. The portable plugin lifecycle, API, trust model and buildable source pattern are documented in Porting/Reference/PLUGINS.md; runtime compilation of loose trusted C# is deliberately not shipped.
Plugins/example23-switch.cs	csharp	remove	Porting/Reference/PLUGINS.md	This is a development/plugin-SDK sample rather than a shipped operator workflow. The portable plugin lifecycle, API, trust model and buildable source pattern are documented in Porting/Reference/PLUGINS.md; runtime compilation of loose trusted C# is deliberately not shipped.
Plugins/example23-switch.resx	resx	retain		Preserve neutral/culture resource until AXAML localization mapping is verified.
Program.cs	csharp	replace	Program.cs	Replace WinForms startup with the tested Avalonia entry point.
Properties/AssemblyInfo.cs	csharp	merge	MissionPlanner.csproj;Services/AppVersion.cs	Keep the upstream version and add the tracked local build plus canonical commit hash.
Properties/Resources.Designer.cs	csharp	remove	Porting/Reference/PORT_STATUS.md	The generated WinForms resource accessor is not compiled by the Avalonia application; the neutral and localized RESX files remain preserved for the translation workflow.
Properties/Resources.resx	resx	retain		Preserve neutral/culture resource until AXAML localization mapping is verified.
Radio/ComPort.cs	csharp	replace	Services/MavlinkSerialControlPort.cs;ViewModels/Setup/SetupActionPages.cs	Mapped to the listed native Avalonia artifacts; feature-level parity and deliberate safety differences are recorded in Porting/Reference/PORT_STATUS.md.
Radio/IHex.cs	csharp	retain	Radio/IHex.cs	The tested port compiled this exact native source through a temporary compatibility copy; compile it directly in-place.
Radio/Models.cs	csharp	replace	Services/SikRadioSettingsService.cs;ViewModels/Setup/SetupActionPages.cs;GCSViews/Setup/SikRadioView.axaml	Mapped to the listed native Avalonia artifacts; feature-level parity and deliberate safety differences are recorded in Porting/Reference/PORT_STATUS.md.
Radio/Sikradio.Designer.cs	csharp	replace	Services/SikRadioSettingsService.cs;Services/SikRadioFirmwareService.cs;Services/MavlinkSerialControlPort.cs;ViewModels/Setup/SetupActionPages.cs;GCSViews/Setup/SikRadioView.axaml	Mapped to the listed native Avalonia artifacts; feature-level parity and deliberate safety differences are recorded in Porting/Reference/PORT_STATUS.md.
Radio/Sikradio.ar.resx	resx	retain		Preserve neutral/culture resource until AXAML localization mapping is verified.
Radio/Sikradio.az-Latn-AZ.resx	resx	retain		Preserve neutral/culture resource until AXAML localization mapping is verified.
Radio/Sikradio.cs	csharp	replace	Services/SikRadioSettingsService.cs;Services/SikRadioFirmwareService.cs;Services/MavlinkSerialControlPort.cs;ViewModels/Setup/SetupActionPages.cs;GCSViews/Setup/SikRadioView.axaml	Mapped to the listed native Avalonia artifacts; feature-level parity and deliberate safety differences are recorded in Porting/Reference/PORT_STATUS.md.
Radio/Sikradio.de-DE.resx	resx	retain		Preserve neutral/culture resource until AXAML localization mapping is verified.
Radio/Sikradio.fr.resx	resx	retain		Preserve neutral/culture resource until AXAML localization mapping is verified.
Radio/Sikradio.it-IT.resx	resx	retain		Preserve neutral/culture resource until AXAML localization mapping is verified.
Radio/Sikradio.ko-KR.resx	resx	retain		Preserve neutral/culture resource until AXAML localization mapping is verified.
Radio/Sikradio.resx	resx	retain		Preserve neutral/culture resource until AXAML localization mapping is verified.
Radio/Sikradio.ru-KZ.resx	resx	retain		Preserve neutral/culture resource until AXAML localization mapping is verified.
Radio/Sikradio.tr.resx	resx	retain		Preserve neutral/culture resource until AXAML localization mapping is verified.
Radio/Sikradio.uk.resx	resx	retain		Preserve neutral/culture resource until AXAML localization mapping is verified.
Radio/Sikradio.zh-Hans.resx	resx	retain		Preserve neutral/culture resource until AXAML localization mapping is verified.
Radio/Sikradio.zh-Hant.resx	resx	retain		Preserve neutral/culture resource until AXAML localization mapping is verified.
Radio/Sikradio.zh-TW.resx	resx	retain		Preserve neutral/culture resource until AXAML localization mapping is verified.
Radio/Uploader.cs	csharp	retain	Radio/Uploader.cs	The tested port compiled this exact native source through a temporary compatibility copy; compile it directly in-place.
Radio/XModem.cs	csharp	replace	Services/SikRadioFirmwareService.cs;GCSViews/Setup/SikRadioView.axaml;ViewModels/Setup/SetupActionPages.cs	Mapped to the listed native Avalonia artifacts; feature-level parity and deliberate safety differences are recorded in Porting/Reference/PORT_STATUS.md.
ResEdit.Designer.cs	csharp	replace	Views/TranslationEditorWindow.axaml;ViewModels/TranslationEditorViewModel.cs;Services/ResxTranslationService.cs	Mapped to the listed native Avalonia artifacts; feature-level parity and deliberate safety differences are recorded in Porting/Reference/PORT_STATUS.md.
ResEdit.cs	csharp	replace	Views/TranslationEditorWindow.axaml;ViewModels/TranslationEditorViewModel.cs;Services/ResxTranslationService.cs	Mapped to the listed native Avalonia artifacts; feature-level parity and deliberate safety differences are recorded in Porting/Reference/PORT_STATUS.md.
ResEdit.resx	resx	retain		Preserve neutral/culture resource until AXAML localization mapping is verified.
Script.cs	csharp	replace	Services/PythonScriptHost.cs;GCSViews/FlightDataView.axaml;ViewModels/FlightDataViewModel.cs;ViewModels/MainWindowViewModel.cs;MissionPlannerTests/Avalonia/MissionPlanner.Tests/PythonScriptHostTests.cs	Mapped to the listed native Avalonia artifacts; feature-level parity and deliberate safety differences are recorded in Porting/Reference/PORT_STATUS.md.
SikRadio/ComPort.cs	csharp	replace	Services/MavlinkSerialControlPort.cs;ViewModels/Setup/SetupActionPages.cs	Mapped to the listed native Avalonia artifacts; feature-level parity and deliberate safety differences are recorded in Porting/Reference/PORT_STATUS.md.
SikRadio/Common.cs	csharp	replace	ViewModels/Setup/SetupActionPages.cs	Mapped to the listed native Avalonia artifacts; feature-level parity and deliberate safety differences are recorded in Porting/Reference/PORT_STATUS.md.
SikRadio/Config.Designer.cs	csharp	replace	GCSViews/Setup/SikRadioView.axaml;ViewModels/Setup/SetupActionPages.cs	Mapped to the listed native Avalonia artifacts; feature-level parity and deliberate safety differences are recorded in Porting/Reference/PORT_STATUS.md.
SikRadio/Config.cs	csharp	replace	GCSViews/Setup/SikRadioView.axaml;ViewModels/Setup/SetupActionPages.cs	Mapped to the listed native Avalonia artifacts; feature-level parity and deliberate safety differences are recorded in Porting/Reference/PORT_STATUS.md.
SikRadio/Config.ko-KR.resx	resx	retain		Preserve neutral/culture resource until AXAML localization mapping is verified.
SikRadio/Config.resx	resx	retain		Preserve neutral/culture resource until AXAML localization mapping is verified.
SikRadio/Config.zh-Hans.resx	resx	retain		Preserve neutral/culture resource until AXAML localization mapping is verified.
SikRadio/Config.zh-Hant.resx	resx	retain		Preserve neutral/culture resource until AXAML localization mapping is verified.
SikRadio/Config.zh-TW.resx	resx	retain		Preserve neutral/culture resource until AXAML localization mapping is verified.
SikRadio/ISikRadioForm.cs	csharp	replace	GCSViews/Setup/SikRadioView.axaml;ViewModels/Setup/SetupActionPages.cs	Mapped to the listed native Avalonia artifacts; feature-level parity and deliberate safety differences are recorded in Porting/Reference/PORT_STATUS.md.
SikRadio/MAVLinkSerialPort.cs	csharp	replace	Services/MavlinkSerialControlPort.cs	Mapped to the listed native Avalonia artifacts; feature-level parity and deliberate safety differences are recorded in Porting/Reference/PORT_STATUS.md.
SikRadio/MainV2.cs	csharp	replace	AppState.cs;ViewModels/Setup/SetupActionPages.cs	Mapped to the listed native Avalonia artifacts; feature-level parity and deliberate safety differences are recorded in Porting/Reference/PORT_STATUS.md.
SikRadio/Program.cs	csharp	replace	Program.cs;GCSViews/Setup/SikRadioView.axaml	Mapped to the listed native Avalonia artifacts; feature-level parity and deliberate safety differences are recorded in Porting/Reference/PORT_STATUS.md.
SikRadio/Properties/AssemblyInfo.cs	csharp	replace	MissionPlanner.csproj;Services/AppVersion.cs	Mapped to the listed native Avalonia artifacts; feature-level parity and deliberate safety differences are recorded in Porting/Reference/PORT_STATUS.md.
SikRadio/Properties/Resources.Designer.cs	csharp	replace	GCSViews/Setup/SikRadioView.axaml	Mapped to the listed native Avalonia artifacts; feature-level parity and deliberate safety differences are recorded in Porting/Reference/PORT_STATUS.md.
SikRadio/Properties/Resources.resx	resx	remove	Services/SikRadioFirmwareService.cs;GCSViews/Setup/SikRadioView.axaml	Generated standalone-project resources referenced only obsolete bundled firmware/images; current SiK/RFD firmware is downloaded and validated by the native service while user-facing translated Config/RSSI/Terminal resources remain preserved.
SikRadio/RFD900.cs	csharp	replace	Services/SikRadioSettingsService.cs;Services/SikRadioFirmwareService.cs;ViewModels/Setup/SetupActionPages.cs	Mapped to the listed native Avalonia artifacts; feature-level parity and deliberate safety differences are recorded in Porting/Reference/PORT_STATUS.md.
SikRadio/RFDLib/Array.cs	csharp	replace	Services/SikRadioSettingsService.cs	Mapped to the listed native Avalonia artifacts; feature-level parity and deliberate safety differences are recorded in Porting/Reference/PORT_STATUS.md.
SikRadio/RFDLib/Collections.cs	csharp	replace	Services/SikRadioSettingsService.cs	Mapped to the listed native Avalonia artifacts; feature-level parity and deliberate safety differences are recorded in Porting/Reference/PORT_STATUS.md.
SikRadio/RFDLib/GUI/Settings.cs	csharp	replace	GCSViews/Setup/SikRadioView.axaml;ViewModels/Setup/SetupActionPages.cs	Mapped to the listed native Avalonia artifacts; feature-level parity and deliberate safety differences are recorded in Porting/Reference/PORT_STATUS.md.
SikRadio/RFDLib/IO/ATCommand.cs	csharp	replace	ViewModels/Setup/SetupActionPages.cs;Services/MavlinkSerialControlPort.cs	Mapped to the listed native Avalonia artifacts; feature-level parity and deliberate safety differences are recorded in Porting/Reference/PORT_STATUS.md.
SikRadio/RFDLib/IO/SerialPort/SerialPort.cs	csharp	replace	Services/MavlinkSerialControlPort.cs;ViewModels/Setup/SetupActionPages.cs	Mapped to the listed native Avalonia artifacts; feature-level parity and deliberate safety differences are recorded in Porting/Reference/PORT_STATUS.md.
SikRadio/RFDLib/RFDLib.cs	csharp	replace	Services/SikRadioSettingsService.cs;Services/SikRadioFirmwareService.cs	Mapped to the listed native Avalonia artifacts; feature-level parity and deliberate safety differences are recorded in Porting/Reference/PORT_STATUS.md.
SikRadio/RFDLib/Text.cs	csharp	replace	Services/SikRadioSettingsService.cs	Mapped to the listed native Avalonia artifacts; feature-level parity and deliberate safety differences are recorded in Porting/Reference/PORT_STATUS.md.
SikRadio/Rssi.Designer.cs	csharp	replace	GCSViews/Setup/SikRadioView.axaml;GCSViews/Setup/SikRadioView.axaml.cs;ViewModels/Setup/SetupActionPages.cs	Mapped to the listed native Avalonia artifacts; feature-level parity and deliberate safety differences are recorded in Porting/Reference/PORT_STATUS.md.
SikRadio/Rssi.cs	csharp	replace	GCSViews/Setup/SikRadioView.axaml;GCSViews/Setup/SikRadioView.axaml.cs;ViewModels/Setup/SetupActionPages.cs	Mapped to the listed native Avalonia artifacts; feature-level parity and deliberate safety differences are recorded in Porting/Reference/PORT_STATUS.md.
SikRadio/Rssi.ko-KR.resx	resx	retain		Preserve neutral/culture resource until AXAML localization mapping is verified.
SikRadio/Rssi.resx	resx	retain		Preserve neutral/culture resource until AXAML localization mapping is verified.
SikRadio/Rssi.zh-Hans.resx	resx	retain		Preserve neutral/culture resource until AXAML localization mapping is verified.
SikRadio/Rssi.zh-Hant.resx	resx	retain		Preserve neutral/culture resource until AXAML localization mapping is verified.
SikRadio/Rssi.zh-TW.resx	resx	retain		Preserve neutral/culture resource until AXAML localization mapping is verified.
SikRadio/Terminal.Designer.cs	csharp	replace	GCSViews/Setup/SikRadioView.axaml;ViewModels/Setup/SetupActionPages.cs	Mapped to the listed native Avalonia artifacts; feature-level parity and deliberate safety differences are recorded in Porting/Reference/PORT_STATUS.md.
SikRadio/Terminal.cs	csharp	replace	GCSViews/Setup/SikRadioView.axaml;ViewModels/Setup/SetupActionPages.cs	Mapped to the listed native Avalonia artifacts; feature-level parity and deliberate safety differences are recorded in Porting/Reference/PORT_STATUS.md.
SikRadio/Terminal.ko-KR.resx	resx	retain		Preserve neutral/culture resource until AXAML localization mapping is verified.
SikRadio/Terminal.resx	resx	retain		Preserve neutral/culture resource until AXAML localization mapping is verified.
SikRadio/Terminal.zh-Hans.resx	resx	retain		Preserve neutral/culture resource until AXAML localization mapping is verified.
SikRadio/Terminal.zh-Hant.resx	resx	retain		Preserve neutral/culture resource until AXAML localization mapping is verified.
SikRadio/Terminal.zh-TW.resx	resx	retain		Preserve neutral/culture resource until AXAML localization mapping is verified.
SikRadio/ThemeManager.cs	csharp	replace	Theme/MpTheme.axaml;Services/ThemeService.cs	Mapped to the listed native Avalonia artifacts; feature-level parity and deliberate safety differences are recorded in Porting/Reference/PORT_STATUS.md.
Splash.Designer.cs	csharp	replace	Views/MainWindow.axaml;Views/HelpView.axaml;Services/AppVersion.cs	Mapped to the listed native Avalonia artifacts; feature-level parity and deliberate safety differences are recorded in Porting/Reference/PORT_STATUS.md.
Splash.cs	csharp	replace	Views/MainWindow.axaml;Views/HelpView.axaml;Services/AppVersion.cs	Mapped to the listed native Avalonia artifacts; feature-level parity and deliberate safety differences are recorded in Porting/Reference/PORT_STATUS.md.
Splash.resx	resx	retain		Preserve neutral/culture resource until AXAML localization mapping is verified.
Swarm/DroneBase.cs	csharp	replace	Views/FormationControlWindow.axaml;ViewModels/FormationControlViewModel.cs;Views/SwarmFollowPathWindow.axaml;ViewModels/SwarmFollowPathViewModel.cs;Views/SwarmFollowLeaderWindow.axaml;ViewModels/SwarmFollowLeaderViewModel.cs;Views/SwarmWaypointLeaderWindow.axaml;ViewModels/SwarmWaypointLeaderViewModel.cs;Views/SwarmSequenceWindow.axaml;ViewModels/SwarmSequenceViewModel.cs	Formation, Follow Path, Follow Leader, Waypoint Leader and Sequence workflows are ported with exact-link safety and controller tests; see Porting/Reference/PORT_STATUS.md.
Swarm/FollowLeader/Control.Designer.cs	csharp	replace	Views/FormationControlWindow.axaml;ViewModels/FormationControlViewModel.cs;Views/SwarmFollowPathWindow.axaml;ViewModels/SwarmFollowPathViewModel.cs;Views/SwarmFollowLeaderWindow.axaml;ViewModels/SwarmFollowLeaderViewModel.cs;Views/SwarmWaypointLeaderWindow.axaml;ViewModels/SwarmWaypointLeaderViewModel.cs;Views/SwarmSequenceWindow.axaml;ViewModels/SwarmSequenceViewModel.cs	Formation, Follow Path, Follow Leader, Waypoint Leader and Sequence workflows are ported with exact-link safety and controller tests; see Porting/Reference/PORT_STATUS.md.
Swarm/FollowLeader/Control.cs	csharp	replace	Views/FormationControlWindow.axaml;ViewModels/FormationControlViewModel.cs;Views/SwarmFollowPathWindow.axaml;ViewModels/SwarmFollowPathViewModel.cs;Views/SwarmFollowLeaderWindow.axaml;ViewModels/SwarmFollowLeaderViewModel.cs;Views/SwarmWaypointLeaderWindow.axaml;ViewModels/SwarmWaypointLeaderViewModel.cs;Views/SwarmSequenceWindow.axaml;ViewModels/SwarmSequenceViewModel.cs	Formation, Follow Path, Follow Leader, Waypoint Leader and Sequence workflows are ported with exact-link safety and controller tests; see Porting/Reference/PORT_STATUS.md.
Swarm/FollowLeader/Control.resx	resx	retain		Preserve neutral/culture resource until AXAML localization mapping is verified.
Swarm/FollowLeader/Drone.cs	csharp	replace	Views/FormationControlWindow.axaml;ViewModels/FormationControlViewModel.cs;Views/SwarmFollowPathWindow.axaml;ViewModels/SwarmFollowPathViewModel.cs;Views/SwarmFollowLeaderWindow.axaml;ViewModels/SwarmFollowLeaderViewModel.cs;Views/SwarmWaypointLeaderWindow.axaml;ViewModels/SwarmWaypointLeaderViewModel.cs;Views/SwarmSequenceWindow.axaml;ViewModels/SwarmSequenceViewModel.cs	Formation, Follow Path, Follow Leader, Waypoint Leader and Sequence workflows are ported with exact-link safety and controller tests; see Porting/Reference/PORT_STATUS.md.
Swarm/FollowLeader/DroneGroup.cs	csharp	replace	Views/FormationControlWindow.axaml;ViewModels/FormationControlViewModel.cs;Views/SwarmFollowPathWindow.axaml;ViewModels/SwarmFollowPathViewModel.cs;Views/SwarmFollowLeaderWindow.axaml;ViewModels/SwarmFollowLeaderViewModel.cs;Views/SwarmWaypointLeaderWindow.axaml;ViewModels/SwarmWaypointLeaderViewModel.cs;Views/SwarmSequenceWindow.axaml;ViewModels/SwarmSequenceViewModel.cs	Formation, Follow Path, Follow Leader, Waypoint Leader and Sequence workflows are ported with exact-link safety and controller tests; see Porting/Reference/PORT_STATUS.md.
Swarm/FollowPath.cs	csharp	replace	Views/FormationControlWindow.axaml;ViewModels/FormationControlViewModel.cs;Views/SwarmFollowPathWindow.axaml;ViewModels/SwarmFollowPathViewModel.cs;Views/SwarmFollowLeaderWindow.axaml;ViewModels/SwarmFollowLeaderViewModel.cs;Views/SwarmWaypointLeaderWindow.axaml;ViewModels/SwarmWaypointLeaderViewModel.cs;Views/SwarmSequenceWindow.axaml;ViewModels/SwarmSequenceViewModel.cs	Formation, Follow Path, Follow Leader, Waypoint Leader and Sequence workflows are ported with exact-link safety and controller tests; see Porting/Reference/PORT_STATUS.md.
Swarm/FollowPathControl.Designer.cs	csharp	replace	Views/FormationControlWindow.axaml;ViewModels/FormationControlViewModel.cs;Views/SwarmFollowPathWindow.axaml;ViewModels/SwarmFollowPathViewModel.cs;Views/SwarmFollowLeaderWindow.axaml;ViewModels/SwarmFollowLeaderViewModel.cs;Views/SwarmWaypointLeaderWindow.axaml;ViewModels/SwarmWaypointLeaderViewModel.cs;Views/SwarmSequenceWindow.axaml;ViewModels/SwarmSequenceViewModel.cs	Formation, Follow Path, Follow Leader, Waypoint Leader and Sequence workflows are ported with exact-link safety and controller tests; see Porting/Reference/PORT_STATUS.md.
Swarm/FollowPathControl.cs	csharp	replace	Views/FormationControlWindow.axaml;ViewModels/FormationControlViewModel.cs;Views/SwarmFollowPathWindow.axaml;ViewModels/SwarmFollowPathViewModel.cs;Views/SwarmFollowLeaderWindow.axaml;ViewModels/SwarmFollowLeaderViewModel.cs;Views/SwarmWaypointLeaderWindow.axaml;ViewModels/SwarmWaypointLeaderViewModel.cs;Views/SwarmSequenceWindow.axaml;ViewModels/SwarmSequenceViewModel.cs	Formation, Follow Path, Follow Leader, Waypoint Leader and Sequence workflows are ported with exact-link safety and controller tests; see Porting/Reference/PORT_STATUS.md.
Swarm/FollowPathControl.resx	resx	retain		Preserve neutral/culture resource until AXAML localization mapping is verified.
Swarm/Formation.cs	csharp	replace	Views/FormationControlWindow.axaml;ViewModels/FormationControlViewModel.cs;Views/SwarmFollowPathWindow.axaml;ViewModels/SwarmFollowPathViewModel.cs;Views/SwarmFollowLeaderWindow.axaml;ViewModels/SwarmFollowLeaderViewModel.cs;Views/SwarmWaypointLeaderWindow.axaml;ViewModels/SwarmWaypointLeaderViewModel.cs;Views/SwarmSequenceWindow.axaml;ViewModels/SwarmSequenceViewModel.cs	Formation, Follow Path, Follow Leader, Waypoint Leader and Sequence workflows are ported with exact-link safety and controller tests; see Porting/Reference/PORT_STATUS.md.
Swarm/FormationControl.Designer.cs	csharp	replace	Views/FormationControlWindow.axaml;ViewModels/FormationControlViewModel.cs;Views/SwarmFollowPathWindow.axaml;ViewModels/SwarmFollowPathViewModel.cs;Views/SwarmFollowLeaderWindow.axaml;ViewModels/SwarmFollowLeaderViewModel.cs;Views/SwarmWaypointLeaderWindow.axaml;ViewModels/SwarmWaypointLeaderViewModel.cs;Views/SwarmSequenceWindow.axaml;ViewModels/SwarmSequenceViewModel.cs	Formation, Follow Path, Follow Leader, Waypoint Leader and Sequence workflows are ported with exact-link safety and controller tests; see Porting/Reference/PORT_STATUS.md.
Swarm/FormationControl.cs	csharp	replace	Views/FormationControlWindow.axaml;ViewModels/FormationControlViewModel.cs;Views/SwarmFollowPathWindow.axaml;ViewModels/SwarmFollowPathViewModel.cs;Views/SwarmFollowLeaderWindow.axaml;ViewModels/SwarmFollowLeaderViewModel.cs;Views/SwarmWaypointLeaderWindow.axaml;ViewModels/SwarmWaypointLeaderViewModel.cs;Views/SwarmSequenceWindow.axaml;ViewModels/SwarmSequenceViewModel.cs	Formation, Follow Path, Follow Leader, Waypoint Leader and Sequence workflows are ported with exact-link safety and controller tests; see Porting/Reference/PORT_STATUS.md.
Swarm/FormationControl.resx	resx	retain		Preserve neutral/culture resource until AXAML localization mapping is verified.
Swarm/Grid.Designer.cs	csharp	replace	Views/FormationControlWindow.axaml;ViewModels/FormationControlViewModel.cs;Views/SwarmFollowPathWindow.axaml;ViewModels/SwarmFollowPathViewModel.cs;Views/SwarmFollowLeaderWindow.axaml;ViewModels/SwarmFollowLeaderViewModel.cs;Views/SwarmWaypointLeaderWindow.axaml;ViewModels/SwarmWaypointLeaderViewModel.cs;Views/SwarmSequenceWindow.axaml;ViewModels/SwarmSequenceViewModel.cs	Formation, Follow Path, Follow Leader, Waypoint Leader and Sequence workflows are ported with exact-link safety and controller tests; see Porting/Reference/PORT_STATUS.md.
Swarm/Grid.cs	csharp	replace	Views/FormationControlWindow.axaml;ViewModels/FormationControlViewModel.cs;Views/SwarmFollowPathWindow.axaml;ViewModels/SwarmFollowPathViewModel.cs;Views/SwarmFollowLeaderWindow.axaml;ViewModels/SwarmFollowLeaderViewModel.cs;Views/SwarmWaypointLeaderWindow.axaml;ViewModels/SwarmWaypointLeaderViewModel.cs;Views/SwarmSequenceWindow.axaml;ViewModels/SwarmSequenceViewModel.cs	Formation, Follow Path, Follow Leader, Waypoint Leader and Sequence workflows are ported with exact-link safety and controller tests; see Porting/Reference/PORT_STATUS.md.
Swarm/Grid.resx	resx	retain		Preserve neutral/culture resource until AXAML localization mapping is verified.
Swarm/PaintEventArgsI.cs	csharp	replace	Views/FormationControlWindow.axaml;ViewModels/FormationControlViewModel.cs;Views/SwarmFollowPathWindow.axaml;ViewModels/SwarmFollowPathViewModel.cs;Views/SwarmFollowLeaderWindow.axaml;ViewModels/SwarmFollowLeaderViewModel.cs;Views/SwarmWaypointLeaderWindow.axaml;ViewModels/SwarmWaypointLeaderViewModel.cs;Views/SwarmSequenceWindow.axaml;ViewModels/SwarmSequenceViewModel.cs	Formation, Follow Path, Follow Leader, Waypoint Leader and Sequence workflows are ported with exact-link safety and controller tests; see Porting/Reference/PORT_STATUS.md.
Swarm/SRB/Control.Designer.cs	csharp	replace	Views/FormationControlWindow.axaml;ViewModels/FormationControlViewModel.cs;Views/SwarmFollowPathWindow.axaml;ViewModels/SwarmFollowPathViewModel.cs;Views/SwarmFollowLeaderWindow.axaml;ViewModels/SwarmFollowLeaderViewModel.cs;Views/SwarmWaypointLeaderWindow.axaml;ViewModels/SwarmWaypointLeaderViewModel.cs;Views/SwarmSequenceWindow.axaml;ViewModels/SwarmSequenceViewModel.cs	Formation, Follow Path, Follow Leader, Waypoint Leader and Sequence workflows are ported with exact-link safety and controller tests; see Porting/Reference/PORT_STATUS.md.
Swarm/SRB/Control.cs	csharp	replace	Views/FormationControlWindow.axaml;ViewModels/FormationControlViewModel.cs;Views/SwarmFollowPathWindow.axaml;ViewModels/SwarmFollowPathViewModel.cs;Views/SwarmFollowLeaderWindow.axaml;ViewModels/SwarmFollowLeaderViewModel.cs;Views/SwarmWaypointLeaderWindow.axaml;ViewModels/SwarmWaypointLeaderViewModel.cs;Views/SwarmSequenceWindow.axaml;ViewModels/SwarmSequenceViewModel.cs	Formation, Follow Path, Follow Leader, Waypoint Leader and Sequence workflows are ported with exact-link safety and controller tests; see Porting/Reference/PORT_STATUS.md.
Swarm/SRB/Control.resx	resx	retain		Preserve neutral/culture resource until AXAML localization mapping is verified.
Swarm/SRB/Controller.cs	csharp	replace	Views/FormationControlWindow.axaml;ViewModels/FormationControlViewModel.cs;Views/SwarmFollowPathWindow.axaml;ViewModels/SwarmFollowPathViewModel.cs;Views/SwarmFollowLeaderWindow.axaml;ViewModels/SwarmFollowLeaderViewModel.cs;Views/SwarmWaypointLeaderWindow.axaml;ViewModels/SwarmWaypointLeaderViewModel.cs;Views/SwarmSequenceWindow.axaml;ViewModels/SwarmSequenceViewModel.cs	Formation, Follow Path, Follow Leader, Waypoint Leader and Sequence workflows are ported with exact-link safety and controller tests; see Porting/Reference/PORT_STATUS.md.
Swarm/SRB/Drone.cs	csharp	replace	Views/FormationControlWindow.axaml;ViewModels/FormationControlViewModel.cs;Views/SwarmFollowPathWindow.axaml;ViewModels/SwarmFollowPathViewModel.cs;Views/SwarmFollowLeaderWindow.axaml;ViewModels/SwarmFollowLeaderViewModel.cs;Views/SwarmWaypointLeaderWindow.axaml;ViewModels/SwarmWaypointLeaderViewModel.cs;Views/SwarmSequenceWindow.axaml;ViewModels/SwarmSequenceViewModel.cs	Formation, Follow Path, Follow Leader, Waypoint Leader and Sequence workflows are ported with exact-link safety and controller tests; see Porting/Reference/PORT_STATUS.md.
Swarm/SRB/DroneGroup.cs	csharp	replace	Views/FormationControlWindow.axaml;ViewModels/FormationControlViewModel.cs;Views/SwarmFollowPathWindow.axaml;ViewModels/SwarmFollowPathViewModel.cs;Views/SwarmFollowLeaderWindow.axaml;ViewModels/SwarmFollowLeaderViewModel.cs;Views/SwarmWaypointLeaderWindow.axaml;ViewModels/SwarmWaypointLeaderViewModel.cs;Views/SwarmSequenceWindow.axaml;ViewModels/SwarmSequenceViewModel.cs	Formation, Follow Path, Follow Leader, Waypoint Leader and Sequence workflows are ported with exact-link safety and controller tests; see Porting/Reference/PORT_STATUS.md.
Swarm/Sequence/Controller.cs	csharp	replace	Views/FormationControlWindow.axaml;ViewModels/FormationControlViewModel.cs;Views/SwarmFollowPathWindow.axaml;ViewModels/SwarmFollowPathViewModel.cs;Views/SwarmFollowLeaderWindow.axaml;ViewModels/SwarmFollowLeaderViewModel.cs;Views/SwarmWaypointLeaderWindow.axaml;ViewModels/SwarmWaypointLeaderViewModel.cs;Views/SwarmSequenceWindow.axaml;ViewModels/SwarmSequenceViewModel.cs	Formation, Follow Path, Follow Leader, Waypoint Leader and Sequence workflows are ported with exact-link safety and controller tests; see Porting/Reference/PORT_STATUS.md.
Swarm/Sequence/Drone.cs	csharp	replace	Views/FormationControlWindow.axaml;ViewModels/FormationControlViewModel.cs;Views/SwarmFollowPathWindow.axaml;ViewModels/SwarmFollowPathViewModel.cs;Views/SwarmFollowLeaderWindow.axaml;ViewModels/SwarmFollowLeaderViewModel.cs;Views/SwarmWaypointLeaderWindow.axaml;ViewModels/SwarmWaypointLeaderViewModel.cs;Views/SwarmSequenceWindow.axaml;ViewModels/SwarmSequenceViewModel.cs	Formation, Follow Path, Follow Leader, Waypoint Leader and Sequence workflows are ported with exact-link safety and controller tests; see Porting/Reference/PORT_STATUS.md.
Swarm/Sequence/DroneGroup.cs	csharp	replace	Views/FormationControlWindow.axaml;ViewModels/FormationControlViewModel.cs;Views/SwarmFollowPathWindow.axaml;ViewModels/SwarmFollowPathViewModel.cs;Views/SwarmFollowLeaderWindow.axaml;ViewModels/SwarmFollowLeaderViewModel.cs;Views/SwarmWaypointLeaderWindow.axaml;ViewModels/SwarmWaypointLeaderViewModel.cs;Views/SwarmSequenceWindow.axaml;ViewModels/SwarmSequenceViewModel.cs	Formation, Follow Path, Follow Leader, Waypoint Leader and Sequence workflows are ported with exact-link safety and controller tests; see Porting/Reference/PORT_STATUS.md.
Swarm/Sequence/Layout.cs	csharp	replace	Views/FormationControlWindow.axaml;ViewModels/FormationControlViewModel.cs;Views/SwarmFollowPathWindow.axaml;ViewModels/SwarmFollowPathViewModel.cs;Views/SwarmFollowLeaderWindow.axaml;ViewModels/SwarmFollowLeaderViewModel.cs;Views/SwarmWaypointLeaderWindow.axaml;ViewModels/SwarmWaypointLeaderViewModel.cs;Views/SwarmSequenceWindow.axaml;ViewModels/SwarmSequenceViewModel.cs	Formation, Follow Path, Follow Leader, Waypoint Leader and Sequence workflows are ported with exact-link safety and controller tests; see Porting/Reference/PORT_STATUS.md.
Swarm/Sequence/LayoutEditor.cs	csharp	replace	Views/FormationControlWindow.axaml;ViewModels/FormationControlViewModel.cs;Views/SwarmFollowPathWindow.axaml;ViewModels/SwarmFollowPathViewModel.cs;Views/SwarmFollowLeaderWindow.axaml;ViewModels/SwarmFollowLeaderViewModel.cs;Views/SwarmWaypointLeaderWindow.axaml;ViewModels/SwarmWaypointLeaderViewModel.cs;Views/SwarmSequenceWindow.axaml;ViewModels/SwarmSequenceViewModel.cs	Formation, Follow Path, Follow Leader, Waypoint Leader and Sequence workflows are ported with exact-link safety and controller tests; see Porting/Reference/PORT_STATUS.md.
Swarm/Sequence/LayoutEditor.resx	resx	retain		Preserve neutral/culture resource until AXAML localization mapping is verified.
Swarm/Status.Designer.cs	csharp	replace	Views/FormationControlWindow.axaml;ViewModels/FormationControlViewModel.cs;Views/SwarmFollowPathWindow.axaml;ViewModels/SwarmFollowPathViewModel.cs;Views/SwarmFollowLeaderWindow.axaml;ViewModels/SwarmFollowLeaderViewModel.cs;Views/SwarmWaypointLeaderWindow.axaml;ViewModels/SwarmWaypointLeaderViewModel.cs;Views/SwarmSequenceWindow.axaml;ViewModels/SwarmSequenceViewModel.cs	Formation, Follow Path, Follow Leader, Waypoint Leader and Sequence workflows are ported with exact-link safety and controller tests; see Porting/Reference/PORT_STATUS.md.
Swarm/Status.cs	csharp	replace	Views/FormationControlWindow.axaml;ViewModels/FormationControlViewModel.cs;Views/SwarmFollowPathWindow.axaml;ViewModels/SwarmFollowPathViewModel.cs;Views/SwarmFollowLeaderWindow.axaml;ViewModels/SwarmFollowLeaderViewModel.cs;Views/SwarmWaypointLeaderWindow.axaml;ViewModels/SwarmWaypointLeaderViewModel.cs;Views/SwarmSequenceWindow.axaml;ViewModels/SwarmSequenceViewModel.cs	Formation, Follow Path, Follow Leader, Waypoint Leader and Sequence workflows are ported with exact-link safety and controller tests; see Porting/Reference/PORT_STATUS.md.
Swarm/Status.resx	resx	retain		Preserve neutral/culture resource until AXAML localization mapping is verified.
Swarm/Swarm.cs	csharp	replace	Views/FormationControlWindow.axaml;ViewModels/FormationControlViewModel.cs;Views/SwarmFollowPathWindow.axaml;ViewModels/SwarmFollowPathViewModel.cs;Views/SwarmFollowLeaderWindow.axaml;ViewModels/SwarmFollowLeaderViewModel.cs;Views/SwarmWaypointLeaderWindow.axaml;ViewModels/SwarmWaypointLeaderViewModel.cs;Views/SwarmSequenceWindow.axaml;ViewModels/SwarmSequenceViewModel.cs	Formation, Follow Path, Follow Leader, Waypoint Leader and Sequence workflows are ported with exact-link safety and controller tests; see Porting/Reference/PORT_STATUS.md.
Swarm/WaypointLeader/Drone.cs	csharp	replace	Views/FormationControlWindow.axaml;ViewModels/FormationControlViewModel.cs;Views/SwarmFollowPathWindow.axaml;ViewModels/SwarmFollowPathViewModel.cs;Views/SwarmFollowLeaderWindow.axaml;ViewModels/SwarmFollowLeaderViewModel.cs;Views/SwarmWaypointLeaderWindow.axaml;ViewModels/SwarmWaypointLeaderViewModel.cs;Views/SwarmSequenceWindow.axaml;ViewModels/SwarmSequenceViewModel.cs	Formation, Follow Path, Follow Leader, Waypoint Leader and Sequence workflows are ported with exact-link safety and controller tests; see Porting/Reference/PORT_STATUS.md.
Swarm/WaypointLeader/DroneGroup.cs	csharp	replace	Views/FormationControlWindow.axaml;ViewModels/FormationControlViewModel.cs;Views/SwarmFollowPathWindow.axaml;ViewModels/SwarmFollowPathViewModel.cs;Views/SwarmFollowLeaderWindow.axaml;ViewModels/SwarmFollowLeaderViewModel.cs;Views/SwarmWaypointLeaderWindow.axaml;ViewModels/SwarmWaypointLeaderViewModel.cs;Views/SwarmSequenceWindow.axaml;ViewModels/SwarmSequenceViewModel.cs	Formation, Follow Path, Follow Leader, Waypoint Leader and Sequence workflows are ported with exact-link safety and controller tests; see Porting/Reference/PORT_STATUS.md.
Swarm/WaypointLeader/Path.cs	csharp	replace	Views/FormationControlWindow.axaml;ViewModels/FormationControlViewModel.cs;Views/SwarmFollowPathWindow.axaml;ViewModels/SwarmFollowPathViewModel.cs;Views/SwarmFollowLeaderWindow.axaml;ViewModels/SwarmFollowLeaderViewModel.cs;Views/SwarmWaypointLeaderWindow.axaml;ViewModels/SwarmWaypointLeaderViewModel.cs;Views/SwarmSequenceWindow.axaml;ViewModels/SwarmSequenceViewModel.cs	Formation, Follow Path, Follow Leader, Waypoint Leader and Sequence workflows are ported with exact-link safety and controller tests; see Porting/Reference/PORT_STATUS.md.
Swarm/WaypointLeader/WPControl.Designer.cs	csharp	replace	Views/FormationControlWindow.axaml;ViewModels/FormationControlViewModel.cs;Views/SwarmFollowPathWindow.axaml;ViewModels/SwarmFollowPathViewModel.cs;Views/SwarmFollowLeaderWindow.axaml;ViewModels/SwarmFollowLeaderViewModel.cs;Views/SwarmWaypointLeaderWindow.axaml;ViewModels/SwarmWaypointLeaderViewModel.cs;Views/SwarmSequenceWindow.axaml;ViewModels/SwarmSequenceViewModel.cs	Formation, Follow Path, Follow Leader, Waypoint Leader and Sequence workflows are ported with exact-link safety and controller tests; see Porting/Reference/PORT_STATUS.md.
Swarm/WaypointLeader/WPControl.az-Latn-AZ.resx	resx	retain		Preserve neutral/culture resource until AXAML localization mapping is verified.
Swarm/WaypointLeader/WPControl.cs	csharp	replace	Views/FormationControlWindow.axaml;ViewModels/FormationControlViewModel.cs;Views/SwarmFollowPathWindow.axaml;ViewModels/SwarmFollowPathViewModel.cs;Views/SwarmFollowLeaderWindow.axaml;ViewModels/SwarmFollowLeaderViewModel.cs;Views/SwarmWaypointLeaderWindow.axaml;ViewModels/SwarmWaypointLeaderViewModel.cs;Views/SwarmSequenceWindow.axaml;ViewModels/SwarmSequenceViewModel.cs	Formation, Follow Path, Follow Leader, Waypoint Leader and Sequence workflows are ported with exact-link safety and controller tests; see Porting/Reference/PORT_STATUS.md.
Swarm/WaypointLeader/WPControl.ko-KR.resx	resx	retain		Preserve neutral/culture resource until AXAML localization mapping is verified.
Swarm/WaypointLeader/WPControl.pt.resx	resx	retain		Preserve neutral/culture resource until AXAML localization mapping is verified.
Swarm/WaypointLeader/WPControl.resx	resx	retain		Preserve neutral/culture resource until AXAML localization mapping is verified.
Swarm/WaypointLeader/WPControl.ru-KZ.resx	resx	retain		Preserve neutral/culture resource until AXAML localization mapping is verified.
Swarm/WaypointLeader/WPControl.tr.resx	resx	retain		Preserve neutral/culture resource until AXAML localization mapping is verified.
Swarm/WaypointLeader/WPControl.uk.resx	resx	retain		Preserve neutral/culture resource until AXAML localization mapping is verified.
Updater/Program.cs	csharp	replace	Services/Updater.cs;build/make-update-bundle.py;build/update-public-key.txt	Mapped to the listed native Avalonia artifacts; feature-level parity and deliberate safety differences are recorded in Porting/Reference/PORT_STATUS.md.
Updater/Properties/AssemblyInfo.cs	csharp	replace	MissionPlanner.csproj;Services/AppVersion.cs	Mapped to the listed native Avalonia artifacts; feature-level parity and deliberate safety differences are recorded in Porting/Reference/PORT_STATUS.md.
Updater/Properties/Resources.Designer.cs	csharp	replace	Services/Updater.cs	Mapped to the listed native Avalonia artifacts; feature-level parity and deliberate safety differences are recorded in Porting/Reference/PORT_STATUS.md.
Updater/Properties/Resources.resx	resx	remove	Services/Updater.cs	Empty Visual Studio resource template from the retired standalone updater; it contained no updater UI strings and the signed cross-platform updater is built into Mission Planner.
Utilities/AirMarket.cs	csharp	remove	Porting/Reference/PORT_STATUS.md	AirMarket is an unreachable legacy third-party upload integration that stores a password-derived credential and automatically sends flight logs; it is intentionally retired pending a current API, authentication, consent and privacy review.
Utilities/AirMarket.resx	resx	retain		Preserve neutral/culture resource until AXAML localization mapping is verified.
Utilities/BoardDetect.cs	csharp	replace	Services/LegacyFirmwareUploader.cs;GCSViews/Setup/InstallFirmwareView.axaml.cs;ViewModels/Setup/InstallFirmwareViewModel.cs	Mapped to the listed native Avalonia artifacts; feature-level parity and deliberate safety differences are recorded in Porting/Reference/PORT_STATUS.md.
Utilities/CircleSurveyMission.cs	csharp	remove	Porting/Reference/PORT_STATUS.md	The unreferenced beta circle helper is superseded by the native Avalonia planner mission builders and was never reachable from the pinned official UI.
Utilities/ExtensionsMP.cs	csharp	remove	Porting/Reference/PORT_STATUS.md	These are WinForms/Xamarin host, binding and DataGridView glue extensions; native Avalonia windows, bindings and lifecycle handling replace them directly.
Utilities/Firmware.cs	csharp	replace	Services/LegacyFirmwareUploader.cs;ViewModels/Setup/InstallFirmwareViewModel.cs;ViewModels/GCSViews/ConfigurationView/ConfigFirmwareLegacyViewModel.cs	Mapped to the listed native Avalonia artifacts; feature-level parity and deliberate safety differences are recorded in Porting/Reference/PORT_STATUS.md.
Utilities/GStreamerUI.cs	csharp	replace	Controls/VideoControl.cs;Services/VideoSourceResolver.cs;Services/MavlinkVideoStreams.cs	Mapped to the listed native Avalonia artifacts; feature-level parity and deliberate safety differences are recorded in Porting/Reference/PORT_STATUS.md.
Utilities/ImageMatch.cs	csharp	remove	Porting/Reference/PORT_STATUS.md	This unreferenced Accord imaging experiment uses hard-coded developer Windows paths and is not a shipped Mission Planner workflow.
Utilities/LangUtility.cs	csharp	replace	Services/LocalizationService.cs;Services/ResxTranslationService.cs;Views/TranslationEditorWindow.axaml;ViewModels/TranslationEditorViewModel.cs	Mapped to the listed native Avalonia artifacts; feature-level parity and deliberate safety differences are recorded in Porting/Reference/PORT_STATUS.md.
Utilities/LogAnalyzer.cs	csharp	replace	Services/LogAnalyzer.cs;Views/LogBrowseView.axaml;ViewModels/FlightDataViewModel.cs	Mapped to the listed native Avalonia artifacts; feature-level parity and deliberate safety differences are recorded in Porting/Reference/PORT_STATUS.md.
Utilities/NativeLibrary.cs	csharp	remove	Porting/Reference/PORT_STATUS.md	The unused hand-written kernel32/libdl loader is superseded by System.Runtime.InteropServices.NativeLibrary in the portable native-library bootstrap services.
Utilities/OsdTuningSlotProvider.cs	csharp	replace	Services/OsdTuningSlotService.cs;Views/OsdTuningSlotsWindow.cs;GCSViews/ConfigurationView/ConfigOSDView.axaml	Mapped to the listed native Avalonia artifacts; feature-level parity and deliberate safety differences are recorded in Porting/Reference/PORT_STATUS.md.
Utilities/POI.cs	csharp	replace	Services/PoiStore.cs;Controls/MapView.cs;ViewModels/FlightPlannerViewModel.cs;ViewModels/FlightDataViewModel.cs	Mapped to the listed native Avalonia artifacts; feature-level parity and deliberate safety differences are recorded in Porting/Reference/PORT_STATUS.md.
Utilities/SSHTerminal.cs	csharp	replace	Services/SshTerminalSession.cs;GCSViews/ConfigurationView/ConfigTerminalView.axaml;ViewModels/GCSViews/ConfigurationView/ConfigTerminalViewModel.cs	Mapped to the listed native Avalonia artifacts; feature-level parity and deliberate safety differences are recorded in Porting/Reference/PORT_STATUS.md.
Utilities/Speech.cs	csharp	replace	Services/Speech.cs;Services/SpeechAnnouncer.cs	Mapped to the listed native Avalonia artifacts; feature-level parity and deliberate safety differences are recorded in Porting/Reference/PORT_STATUS.md.
Utilities/ThemeManager.cs	csharp	replace	Services/ThemeService.cs;Views/ThemeEditorWindow.cs;Theme/MpTheme.axaml	Mapped to the listed native Avalonia artifacts; feature-level parity and deliberate safety differences are recorded in Porting/Reference/PORT_STATUS.md.
Utilities/Update.cs	csharp	replace	Services/Updater.cs;Services/AppVersion.cs;Views/HelpView.axaml	Mapped to the listed native Avalonia artifacts; feature-level parity and deliberate safety differences are recorded in Porting/Reference/PORT_STATUS.md.
Utilities/Win32DeviceMgnt.cs	csharp	replace	ViewModels/Setup/InstallFirmwareViewModel.cs;ViewModels/GCSViews/ConfigurationView/ConfigFirmwareLegacyViewModel.cs	Mapped to the listed native Avalonia artifacts; feature-level parity and deliberate safety differences are recorded in Porting/Reference/PORT_STATUS.md.
Utilities/XMLColor.cs	csharp	replace	Services/ThemeService.cs;Views/ThemeEditorWindow.cs	Mapped to the listed native Avalonia artifacts; feature-level parity and deliberate safety differences are recorded in Porting/Reference/PORT_STATUS.md.
Utilities/httpserver.cs	csharp	replace	Services/LocalKmlServer.cs;GCSViews/FlightPlannerView.axaml;ViewModels/FlightPlannerViewModel.cs;ViewModels/GeoRefViewModel.cs;MissionPlannerTests/Avalonia/MissionPlanner.Tests/LocalKmlServerTests.cs	Mapped to the listed native Avalonia artifacts; feature-level parity and deliberate safety differences are recorded in Porting/Reference/PORT_STATUS.md.
Warnings/WarningControl.cs	csharp	replace	GCSViews/ConfigurationView/WarningManagerView.axaml;ViewModels/GCSViews/ConfigurationView/WarningManagerViewModel.cs	Mapped to the listed native Avalonia artifacts; feature-level parity and deliberate safety differences are recorded in Porting/Reference/PORT_STATUS.md.
Warnings/WarningControl.resx	resx	retain		Preserve neutral/culture resource until AXAML localization mapping is verified.
Warnings/WarningsManager.Designer.cs	csharp	replace	GCSViews/ConfigurationView/WarningManagerView.axaml;ViewModels/GCSViews/ConfigurationView/WarningManagerViewModel.cs;ExtLibs/Utilities/Warnings/WarningEngine.cs	Mapped to the listed native Avalonia artifacts; feature-level parity and deliberate safety differences are recorded in Porting/Reference/PORT_STATUS.md.
Warnings/WarningsManager.cs	csharp	replace	GCSViews/ConfigurationView/WarningManagerView.axaml;ViewModels/GCSViews/ConfigurationView/WarningManagerViewModel.cs;ExtLibs/Utilities/Warnings/WarningEngine.cs	Mapped to the listed native Avalonia artifacts; feature-level parity and deliberate safety differences are recorded in Porting/Reference/PORT_STATUS.md.
Warnings/WarningsManager.resx	resx	retain		Preserve neutral/culture resource until AXAML localization mapping is verified.
ZZZLibShims.cs	csharp	remove	Porting/Reference/PORT_STATUS.md	This file contains no-op compatibility stubs for the abandoned netstandard WinForms experiment. The Avalonia application uses real portable services and referenced libraries instead of these fake implementations.
plugins/Dowding/DowdingPlugin.cs	csharp	replace	Porting/Reference/DOWDING_AUDIT.md;Controls/MapView.cs;Services/PluginRuntime.cs;Services/PluginService.cs	Mapped to the listed native Avalonia artifacts; feature-level parity and deliberate safety differences are recorded in Porting/Reference/PORT_STATUS.md.
plugins/Dowding/DowdingUI.Designer.cs	csharp	replace	Porting/Reference/DOWDING_AUDIT.md;Views/AntennaTrackerUIView.axaml;ViewModels/AntennaTrackerUIViewModel.cs;Views/SerialOutputCotView.axaml;ViewModels/SerialOutputCotViewModel.cs	Mapped to the listed native Avalonia artifacts; feature-level parity and deliberate safety differences are recorded in Porting/Reference/PORT_STATUS.md.
plugins/Dowding/DowdingUI.cs	csharp	replace	Porting/Reference/DOWDING_AUDIT.md;Views/AntennaTrackerUIView.axaml;ViewModels/AntennaTrackerUIViewModel.cs;Views/SerialOutputCotView.axaml;ViewModels/SerialOutputCotViewModel.cs	Mapped to the listed native Avalonia artifacts; feature-level parity and deliberate safety differences are recorded in Porting/Reference/PORT_STATUS.md.
plugins/Dowding/DowdingUI.resx	resx	remove	Porting/Reference/DOWDING_AUDIT.md	Neutral WinForms designer metadata for the dormant, non-shipped Dowding plugin; the audited general tracker, CoT and multi-system map capabilities are implemented independently.
plugins/FaceMap/FaceMap.cs	csharp	replace	Views/FaceMapView.axaml;ViewModels/FaceMapViewModel.cs;ViewModels/FaceMapMissionBuilder.cs;Services/FaceMapSupport.cs	The native Avalonia FaceMap workflow ports geometry, preview, mission generation, split flights, camera triggers and persisted file compatibility with regression tests.
plugins/FaceMap/FaceMapPlugin.cs	csharp	replace	Views/FaceMapView.axaml;ViewModels/FaceMapViewModel.cs;ViewModels/FaceMapMissionBuilder.cs;Services/FaceMapSupport.cs	The native Avalonia FaceMap workflow ports geometry, preview, mission generation, split flights, camera triggers and persisted file compatibility with regression tests.
plugins/FaceMap/FaceMapUI.Designer.cs	csharp	replace	Views/FaceMapView.axaml;ViewModels/FaceMapViewModel.cs;ViewModels/FaceMapMissionBuilder.cs;Services/FaceMapSupport.cs	The native Avalonia FaceMap workflow ports geometry, preview, mission generation, split flights, camera triggers and persisted file compatibility with regression tests.
plugins/FaceMap/FaceMapUI.cs	csharp	replace	Views/FaceMapView.axaml;ViewModels/FaceMapViewModel.cs;ViewModels/FaceMapMissionBuilder.cs;Services/FaceMapSupport.cs	The native Avalonia FaceMap workflow ports geometry, preview, mission generation, split flights, camera triggers and persisted file compatibility with regression tests.
plugins/FaceMap/FaceMapUI.resx	resx	retain		Preserve neutral/culture resource until AXAML localization mapping is verified.
plugins/InitialParamsCalculator.cs	csharp	replace	GCSViews/ConfigurationView/ConfigInitialParamsView.axaml;ViewModels/GCSViews/ConfigurationView/ConfigInitialParamsViewModel.cs	The legacy loose-source calculator is superseded by the newer native Initial Parameters page with reviewable, selected existing-parameter writes.
plugins/Shortcuts/Plugin.cs	csharp	replace	Services/FlightCommandShortcuts.cs;GCSViews/ConfigurationView/ConfigPlannerView.axaml;ViewModels/GCSViews/ConfigurationView/ConfigPlannerViewModel.cs	Every active official Shortcuts command is exposed through opt-in, target-bound Avalonia shortcuts with safety confirmations and regression tests.
plugins/example-watchbutton.cs	csharp	remove	Porting/Reference/PLUGINS.md	This is a development/plugin-SDK sample rather than a shipped operator workflow. The portable plugin lifecycle, API, trust model and buildable source pattern are documented in Porting/Reference/PLUGINS.md; runtime compilation of loose trusted C# is deliberately not shipped.
plugins/example.cs	csharp	remove	Porting/Reference/PLUGINS.md	This is a development/plugin-SDK sample rather than a shipped operator workflow. The portable plugin lifecycle, API, trust model and buildable source pattern are documented in Porting/Reference/PLUGINS.md; runtime compilation of loose trusted C# is deliberately not shipped.
plugins/example11-trace.cs	csharp	remove	Porting/Reference/PLUGINS.md	This is a development/plugin-SDK sample rather than a shipped operator workflow. The portable plugin lifecycle, API, trust model and buildable source pattern are documented in Porting/Reference/PLUGINS.md; runtime compilation of loose trusted C# is deliberately not shipped.
plugins/example12-forwarding.cs	csharp	remove	Porting/Reference/PLUGINS.md	This is a development/plugin-SDK sample rather than a shipped operator workflow. The portable plugin lifecycle, API, trust model and buildable source pattern are documented in Porting/Reference/PLUGINS.md; runtime compilation of loose trusted C# is deliberately not shipped.
plugins/example13-herelink2.cs	csharp	remove	Porting/Reference/PLUGINS.md	This is a development/plugin-SDK sample rather than a shipped operator workflow. The portable plugin lifecycle, API, trust model and buildable source pattern are documented in Porting/Reference/PLUGINS.md; runtime compilation of loose trusted C# is deliberately not shipped.
plugins/example2-menu.cs	csharp	remove	Porting/Reference/PLUGINS.md	This is a development/plugin-SDK sample rather than a shipped operator workflow. The portable plugin lifecycle, API, trust model and buildable source pattern are documented in Porting/Reference/PLUGINS.md; runtime compilation of loose trusted C# is deliberately not shipped.
plugins/example2.cs	csharp	remove	Porting/Reference/PLUGINS.md	This is a development/plugin-SDK sample rather than a shipped operator workflow. The portable plugin lifecycle, API, trust model and buildable source pattern are documented in Porting/Reference/PLUGINS.md; runtime compilation of loose trusted C# is deliberately not shipped.
plugins/example22-fontsize.cs	csharp	remove	Porting/Reference/PLUGINS.md	This is a development/plugin-SDK sample rather than a shipped operator workflow. The portable plugin lifecycle, API, trust model and buildable source pattern are documented in Porting/Reference/PLUGINS.md; runtime compilation of loose trusted C# is deliberately not shipped.
plugins/example3-fencedist.cs	csharp	remove	Porting/Reference/PLUGINS.md	This is a development/plugin-SDK sample rather than a shipped operator workflow. The portable plugin lifecycle, API, trust model and buildable source pattern are documented in Porting/Reference/PLUGINS.md; runtime compilation of loose trusted C# is deliberately not shipped.
plugins/example3.cs	csharp	remove	Porting/Reference/PLUGINS.md	This is a development/plugin-SDK sample rather than a shipped operator workflow. The portable plugin lifecycle, API, trust model and buildable source pattern are documented in Porting/Reference/PLUGINS.md; runtime compilation of loose trusted C# is deliberately not shipped.
plugins/example4-herelink.cs	csharp	remove	Porting/Reference/PLUGINS.md	This is a development/plugin-SDK sample rather than a shipped operator workflow. The portable plugin lifecycle, API, trust model and buildable source pattern are documented in Porting/Reference/PLUGINS.md; runtime compilation of loose trusted C# is deliberately not shipped.
plugins/example4.cs	csharp	remove	Porting/Reference/PLUGINS.md	This is a development/plugin-SDK sample rather than a shipped operator workflow. The portable plugin lifecycle, API, trust model and buildable source pattern are documented in Porting/Reference/PLUGINS.md; runtime compilation of loose trusted C# is deliberately not shipped.
plugins/example5-latencytracker.cs	csharp	remove	Porting/Reference/PLUGINS.md	This is a development/plugin-SDK sample rather than a shipped operator workflow. The portable plugin lifecycle, API, trust model and buildable source pattern are documented in Porting/Reference/PLUGINS.md; runtime compilation of loose trusted C# is deliberately not shipped.
plugins/example5.cs	csharp	remove	Porting/Reference/PLUGINS.md	This is a development/plugin-SDK sample rather than a shipped operator workflow. The portable plugin lifecycle, API, trust model and buildable source pattern are documented in Porting/Reference/PLUGINS.md; runtime compilation of loose trusted C# is deliberately not shipped.
plugins/example6-mapicondesc.cs	csharp	remove	Porting/Reference/PLUGINS.md	This is a development/plugin-SDK sample rather than a shipped operator workflow. The portable plugin lifecycle, API, trust model and buildable source pattern are documented in Porting/Reference/PLUGINS.md; runtime compilation of loose trusted C# is deliberately not shipped.
plugins/example6.cs	csharp	remove	Porting/Reference/PLUGINS.md	This is a development/plugin-SDK sample rather than a shipped operator workflow. The portable plugin lifecycle, API, trust model and buildable source pattern are documented in Porting/Reference/PLUGINS.md; runtime compilation of loose trusted C# is deliberately not shipped.
plugins/example7-canrtcm.cs	csharp	remove	Porting/Reference/PLUGINS.md	This is a development/plugin-SDK sample rather than a shipped operator workflow. The portable plugin lifecycle, API, trust model and buildable source pattern are documented in Porting/Reference/PLUGINS.md; runtime compilation of loose trusted C# is deliberately not shipped.
plugins/example7.cs	csharp	remove	Porting/Reference/PLUGINS.md	This is a development/plugin-SDK sample rather than a shipped operator workflow. The portable plugin lifecycle, API, trust model and buildable source pattern are documented in Porting/Reference/PLUGINS.md; runtime compilation of loose trusted C# is deliberately not shipped.
plugins/example8-modechange.cs	csharp	remove	Porting/Reference/PLUGINS.md	This is a development/plugin-SDK sample rather than a shipped operator workflow. The portable plugin lifecycle, API, trust model and buildable source pattern are documented in Porting/Reference/PLUGINS.md; runtime compilation of loose trusted C# is deliberately not shipped.
plugins/example8.cs	csharp	remove	Porting/Reference/PLUGINS.md	This is a development/plugin-SDK sample rather than a shipped operator workflow. The portable plugin lifecycle, API, trust model and buildable source pattern are documented in Porting/Reference/PLUGINS.md; runtime compilation of loose trusted C# is deliberately not shipped.
plugins/example9-hudonoff.cs	csharp	remove	Porting/Reference/PLUGINS.md	This is a development/plugin-SDK sample rather than a shipped operator workflow. The portable plugin lifecycle, API, trust model and buildable source pattern are documented in Porting/Reference/PLUGINS.md; runtime compilation of loose trusted C# is deliberately not shipped.
plugins/generator.cs	csharp	remove	Porting/Reference/PLUGINS.md	This is a development/plugin-SDK sample rather than a shipped operator workflow. The portable plugin lifecycle, API, trust model and buildable source pattern are documented in Porting/Reference/PLUGINS.md; runtime compilation of loose trusted C# is deliberately not shipped.
plugins/generator.resx	resx	retain		Preserve neutral/culture resource until AXAML localization mapping is verified.
resedit.ko-KR.resx	resx	retain		Preserve neutral/culture resource until AXAML localization mapping is verified.
resedit.zh-Hans.resx	resx	retain		Preserve neutral/culture resource until AXAML localization mapping is verified.
resedit.zh-Hant.resx	resx	retain		Preserve neutral/culture resource until AXAML localization mapping is verified.
resedit.zh-TW.resx	resx	retain		Preserve neutral/culture resource until AXAML localization mapping is verified.
resedit/Form1.Designer.cs	csharp	replace	Views/TranslationEditorWindow.axaml;ViewModels/TranslationEditorViewModel.cs;Services/ResxTranslationService.cs	Mapped to the listed native Avalonia artifacts; feature-level parity and deliberate safety differences are recorded in Porting/Reference/PORT_STATUS.md.
resedit/Form1.cs	csharp	replace	Views/TranslationEditorWindow.axaml;ViewModels/TranslationEditorViewModel.cs;Services/ResxTranslationService.cs	Mapped to the listed native Avalonia artifacts; feature-level parity and deliberate safety differences are recorded in Porting/Reference/PORT_STATUS.md.
resedit/Form1.resx	resx	remove	Views/TranslationEditorWindow.axaml;ViewModels/TranslationEditorViewModel.cs;Services/ResxTranslationService.cs	WinForms layout/help text for the retired standalone editor; the native Avalonia translation editor replaces the workflow and scans the preserved Mission Planner localization resources directly.
resedit/Program.cs	csharp	replace	Views/TranslationEditorWindow.axaml;ViewModels/TranslationEditorViewModel.cs	Mapped to the listed native Avalonia artifacts; feature-level parity and deliberate safety differences are recorded in Porting/Reference/PORT_STATUS.md.
resedit/Properties/AssemblyInfo.cs	csharp	replace	MissionPlanner.csproj	Mapped to the listed native Avalonia artifacts; feature-level parity and deliberate safety differences are recorded in Porting/Reference/PORT_STATUS.md.
resedit/Properties/Resources.Designer.cs	csharp	replace	Services/ResxTranslationService.cs	Mapped to the listed native Avalonia artifacts; feature-level parity and deliberate safety differences are recorded in Porting/Reference/PORT_STATUS.md.
resedit/Properties/Resources.resx	resx	remove	Services/ResxTranslationService.cs	Empty Visual Studio resource template for the retired standalone editor; it contains no translatable Mission Planner strings.
resedit/Properties/Settings.Designer.cs	csharp	replace	ViewModels/TranslationEditorViewModel.cs	Mapped to the listed native Avalonia artifacts; feature-level parity and deliberate safety differences are recorded in Porting/Reference/PORT_STATUS.md.
temp.Designer.cs	csharp	replace	Views/ActionPageView.axaml;ViewModels/GCSViews/ConfigurationView/ConfigDeveloperToolsViewModel.cs;Porting/Reference/TEMP_HANDLER_AUDIT.md	Mapped to the listed native Avalonia artifacts; feature-level parity and deliberate safety differences are recorded in Porting/Reference/PORT_STATUS.md.
temp.cs	csharp	replace	Views/ActionPageView.axaml;ViewModels/GCSViews/ConfigurationView/ConfigDeveloperToolsViewModel.cs;Porting/Reference/TEMP_HANDLER_AUDIT.md	Mapped to the listed native Avalonia artifacts; feature-level parity and deliberate safety differences are recorded in Porting/Reference/PORT_STATUS.md.
temp.ko-KR.resx	resx	retain		Preserve neutral/culture resource until AXAML localization mapping is verified.
temp.resx	resx	retain		Preserve neutral/culture resource until AXAML localization mapping is verified.
temp.uk.resx	resx	retain		Preserve neutral/culture resource until AXAML localization mapping is verified.
test/FirmwareSelection.xaml.cs	csharp	replace	GCSViews/ConfigurationView/ConfigFirmwareLegacyView.axaml;ViewModels/GCSViews/ConfigurationView/ConfigFirmwareLegacyViewModel.cs	Mapped to the listed native Avalonia artifacts; feature-level parity and deliberate safety differences are recorded in Porting/Reference/PORT_STATUS.md.
wix/Drivers.cs	csharp	replace	build/windows/msi/Package.wxs;build/windows/package.sh;README.md;Porting/RELEASE.md	Mapped to the listed native Avalonia artifacts; feature-level parity and deliberate safety differences are recorded in Porting/Reference/PORT_STATUS.md.
wix/Program.cs	csharp	replace	build/windows/msi/Package.wxs;build/windows/msi/MissionPlanner.Installer.wixproj;build/windows/package.sh;build/version.sh;.github/workflows/ci.yml;.github/workflows/release.yml	Mapped to the listed native Avalonia artifacts; feature-level parity and deliberate safety differences are recorded in Porting/Reference/PORT_STATUS.md.
wix/Properties/AssemblyInfo.cs	csharp	replace	MissionPlanner.csproj;build/version.sh	Mapped to the listed native Avalonia artifacts; feature-level parity and deliberate safety differences are recorded in Porting/Reference/PORT_STATUS.md.
